"ref","N_Predictor","N_Response","methods","variable","variable_cat","error_distribution","data_available","species","obs_method","obs_period_hours","obs_period_hours_mean","single_obs_period_length","mean_rate","sd","pooled","pooled_groups","units","units_hours","mean_chicks_or_adults","per_chick","notes"
150,2,NA,NA,NA,NA,NA,"FALSE","house sparrow Passer domesticus","mixed direct + video","1 or 2",1.5,FALSE,NA,NA,NA,NA,"visits/hour",1,NA,FALSE,"father"
150,2,NA,NA,NA,NA,NA,"FALSE","house sparrow Passer domesticus","mixed direct + video","1 or 2",1.5,FALSE,NA,NA,NA,NA,"visits/hour",1,NA,FALSE,"mother"
150,3,NA,NA,NA,NA,NA,"FALSE","house sparrow Passer domesticus","mixed direct + video","1 or 2",1.5,FALSE,NA,NA,NA,NA,"visits/hour",1,NA,FALSE,"mid-parent"
163,2,NA,NA,NA,NA,NA,"FALSE","tree swallow Tachycineta bicolor","direct","1",1,TRUE,NA,NA,NA,NA,"visits/hour",1,NA,FALSE,"rates not reported"
200,1,NA,NA,NA,NA,NA,"FALSE","chestnut-crowned babbler Pomatostomus ruficeps","automated","9.6 ± 3.7 h/day",9.6,FALSE,NA,NA,NA,NA,"visits/hour",9.6,NA,FALSE,"dominant males"
213,1,NA,NA,NA,NA,NA,"FALSE","Cape gannet Morus capensis","automated","2 weeks",336,TRUE,NA,NA,NA,NA,"visits/day",24,NA,FALSE,"females"
213,1,NA,NA,NA,NA,NA,"FALSE","Cape gannet Morus capensis","automated","2 weeks",336,TRUE,NA,NA,NA,NA,"visits/day",24,NA,FALSE,"males"
278,1,NA,NA,NA,NA,NA,"FALSE","spotless starlings (Sturnus unicolor)","automated","2",2,TRUE,NA,NA,NA,NA,"visits/2hour",2,NA,FALSE,"pooled BR"
278,1,NA,NA,NA,NA,NA,"FALSE","spotless starlings (Sturnus unicolor)","automated","2",2,TRUE,NA,NA,NA,NA,"visits/2hour",2,NA,FALSE,"female BR"
278,1,NA,NA,NA,NA,NA,"FALSE","spotless starlings (Sturnus unicolor)","automated","2",2,TRUE,NA,NA,NA,NA,"visits/2hour",2,NA,FALSE,"male BR"
151,3,NA,NA,NA,NA,NA,"TRUE","white-browed sparrow-weaver Plocepasser mahali","video","mean 3.1 sd 0.27",3.1,FALSE,2.438679,2.148434,FALSE,NA,"visits/hour",1,NA,FALSE,"OS analysis; data from SM"
151,1,NA,NA,NA,NA,NA,"TRUE","white-browed sparrow-weaver Plocepasser mahali","video","mean 3.1 sd 0.27",3.1,FALSE,3.4627,3.809474,FALSE,NA,"visits/hour",1,NA,FALSE,"BM analysis; data from SM"
224,2,NA,NA,NA,NA,NA,"TRUE","house wrens (Troglodytes aedon)","video","1",1,TRUE,10.43478,5.989559,FALSE,NA,"visits/hour",1,NA,FALSE,"males; extracted from dryad data"
40,4,NA,NA,NA,NA,NA,"FALSE","Bull-headed Shrike Lanius bucephalus","video","4-5",4.5,TRUE,4.5,1.636282,TRUE,2,"visits/hour",1,NA,FALSE,"incubation feeding"
213,2,NA,NA,NA,NA,NA,"FALSE","Cape gannet Morus capensis","automated","2 weeks",336,TRUE,0.9946667,0.3316143,TRUE,11,"visits/day",24,NA,FALSE,"pooled"
215,1,NA,NA,NA,NA,NA,"FALSE","Great Blue Heron Ardea herodias","direct","6-9 hours",7.5,FALSE,0.7684,0.545493,TRUE,2,"visits/hour",1,NA,FALSE,"age1-2"
215,1,NA,NA,NA,NA,NA,"FALSE","Great Blue Heron Ardea herodias","direct","6-9 hours",7.5,FALSE,0.3659677,0.414618,TRUE,2,"visits/hour",1,NA,FALSE,"age2-4"
215,1,NA,NA,NA,NA,NA,"FALSE","Great Blue Heron Ardea herodias","direct","6-9 hours",7.5,FALSE,0.35,0.400749,TRUE,2,"visits/hour",1,NA,FALSE,"age4-6"
215,1,NA,NA,NA,NA,NA,"FALSE","Great Blue Heron Ardea herodias","direct","6-9 hours",7.5,FALSE,0.28035,0.396344,TRUE,2,"visits/hour",1,NA,FALSE,"age6-8"
131,NA,"1","GAMM","visits","number","Gaussian","FALSE","common guillemot Uria aalge","direct","full day (19 or 20 h depending on date)",20,FALSE,4.36,1.645357,FALSE,NA,"visits/day",20,NA,FALSE,"not stated whether SD or SE assume SE"
153,NA,"1","LM","visits","number","Gaussian","TRUE; but not direct obs","tree swallow Tachycineta bicolor","mixed direct + RFID","1",1,TRUE,8.564726,4.068299,FALSE,NA,"visits/hour",1,NA,FALSE,"females; extracted from fig 1; summary stats for data that came from direct observation (considered more accurate)"
153,NA,"1","LM","visits","number","Gaussian","TRUE; but not direct obs","tree swallow Tachycineta bicolor","mixed direct + RFID","1",1,TRUE,5.938642,4.108431,FALSE,NA,"visits/hour",1,NA,FALSE,"males; extracted from fig 1"
279,NA,"4","LM","visits","number","Gaussian","FALSE","Common terns (Sterna hirundo) / Roseate terns (Sterna dougallii)","direct","1",1,TRUE,NA,NA,NA,NA,"visits/hour",1,NA,FALSE,"no nest provisioning rates"
281,NA,"1","GLMM","visits","number","Poisson","FALSE","northern wheatears (Oenanthe oenanthe)","automated",NA,NA,NA,NA,NA,NA,NA,"visits/hour",1,NA,FALSE,"no summary stats"
22,NA,"1","GLM","visits","number","Poisson","FALSE","blue tits (Cyanistes caeruleus)","video","~8",8,FALSE,1.84,1.89,FALSE,NA,"visits/hour",1,NA,FALSE,"incubation feeding"
37,NA,"3","GLMM","visits","number","Poisson","FALSE","barn swallow (Hirundo rustica)","video","1.5",11.5,TRUE,20.69,12.35,FALSE,NA,"visits/90min",1.5,NA,FALSE,"analysed sexes seperately, but present mean and sd of total visits"
87,NA,"1","LM","visits","number","Gaussian","TRUE","pied flycatcher Ficedula hypoleuca","automated","1",1,TRUE,32.52306,12.84405,FALSE,NA,"visits/hour",1,NA,FALSE,"all obs; extracted from SM"
87,NA,"1","LM","visits","number","Gaussian","TRUE","pied flycatcher Ficedula hypoleuca","automated","1",1,TRUE,32.45312,14.72213,FALSE,NA,"visits/hour",1,NA,FALSE,"focal; extracted from SM"
87,NA,"2","LM","visits","number","Gaussian","TRUE","pied flycatcher Ficedula hypoleuca","automated","1",1,TRUE,32.59724,10.53279,FALSE,NA,"visits/hour",1,NA,FALSE,"neighbour; extracted from SM"
87,NA,"1","LM","visits","number","Gaussian","TRUE","pied flycatcher Ficedula hypoleuca","automated","median 10 mins?",0.1666667,TRUE,0.499,0.2788603,FALSE,NA,"visits/min",0.01666667,NA,FALSE,"pooled during; extracted from SM; time period a bit unclear - median 10 mins?"
87,NA,"2","LM","visits","number","Gaussian","TRUE","pied flycatcher Ficedula hypoleuca","automated","median 10 mins?",0.1666667,TRUE,0.383,0.1876475,FALSE,NA,"visits/min",0.01666667,NA,FALSE,"neighbour during; extracted from SM; time period a bit unclear - median 10 mins?"
137,NA,"1","LMM","visits","number","Gaussian","FALSE","tree swallow Tachycineta bicolor","direct","1",1,TRUE,5.919355,3.127343,FALSE,NA,"visits/hour",1,NA,FALSE,"pooled sexes; extracted from fig 2"
137,1,"2","LMM","visits","number","Gaussian","FALSE","tree swallow Tachycineta bicolor","direct","1",1,TRUE,5.516129,3.031732,FALSE,NA,"visits/hour",1,NA,FALSE,"females; extracted from fig 2"
137,1,"2","LMM","visits","number","Gaussian","FALSE","tree swallow Tachycineta bicolor","direct","1",1,TRUE,6.322581,3.218562,FALSE,NA,"visits/hour",1,NA,FALSE,"males; extracted from fig 2"
137,NA,"1","LMM","visits","number","Gaussian","FALSE","tree swallow Tachycineta bicolor","direct","1",1,TRUE,6.941176,3.283948,FALSE,NA,"visits/hour",1,NA,FALSE,"subset; extracted from fig 3c"
164,2,"1","LMM","visits","number","Gaussian","FALSE","yellowhammer Emberiza citrinella","direct","1",1,TRUE,6.58,4.15,FALSE,NA,"visits/hour",1,NA,FALSE,"extracted form fig 1"
178,NA,"1","LM","visits","number","Gaussian","FALSE","house martin Delichon urbica","direct","1",1,TRUE,5.9,2.25,FALSE,NA,"visits/hour",1,NA,FALSE,"age1 1st clutch 2012"
178,NA,"1","LM","visits","number","Gaussian","FALSE","house martin Delichon urbica","direct","1",1,TRUE,6.63,2.7,FALSE,NA,"visits/hour",1,NA,FALSE,"age1 1st clutch 2013"
178,NA,"1","LM","visits","number","Gaussian","FALSE","house martin Delichon urbica","direct","1",1,TRUE,7.63,2.78,FALSE,NA,"visits/hour",1,NA,FALSE,"age2 1st clutch 2012"
178,NA,"1","LM","visits","number","Gaussian","FALSE","house martin Delichon urbica","direct","1",1,TRUE,7.54,3.01,FALSE,NA,"visits/hour",1,NA,FALSE,"age2 1st clutch 2013"
178,NA,"1","LM","visits","number","Gaussian","FALSE","house martin Delichon urbica","direct","1",1,TRUE,5.44,2.55,FALSE,NA,"visits/hour",1,NA,FALSE,"age3 1st clutch 2012"
178,NA,"1","LM","visits","number","Gaussian","FALSE","house martin Delichon urbica","direct","1",1,TRUE,6.15,3.62,FALSE,NA,"visits/hour",1,NA,FALSE,"age3 1st clutch 2013"
178,NA,"1","LM","visits","number","Gaussian","FALSE","house martin Delichon urbica","direct","1",1,TRUE,5.88,3.36,FALSE,NA,"visits/hour",1,NA,FALSE,"age1 2nd clutch 2012"
178,NA,"1","LM","visits","number","Gaussian","FALSE","house martin Delichon urbica","direct","1",1,TRUE,6.42,1.5,FALSE,NA,"visits/hour",1,NA,FALSE,"age1 2nd clutch 2013"
178,NA,"1","LM","visits","number","Gaussian","FALSE","house martin Delichon urbica","direct","1",1,TRUE,5.93,2.56,FALSE,NA,"visits/hour",1,NA,FALSE,"age2 2nd clutch 2012"
178,NA,"1","LM","visits","number","Gaussian","FALSE","house martin Delichon urbica","direct","1",1,TRUE,5.91,2.64,FALSE,NA,"visits/hour",1,NA,FALSE,"age2 2nd clutch 2013"
178,NA,"1","LM","visits","number","Gaussian","FALSE","house martin Delichon urbica","direct","1",1,TRUE,3,2.29,FALSE,NA,"visits/hour",1,NA,FALSE,"age3 2nd clutch 2012"
178,NA,"1","LM","visits","number","Gaussian","FALSE","house martin Delichon urbica","direct","1",1,TRUE,3.91,2.54,FALSE,NA,"visits/hour",1,NA,FALSE,"age3 2nd clutch 2013"
184,2,"4","LMM","visits","number","Gaussian","FALSE","European starling Sturnus vulgaris","direct","0.5",0.5,TRUE,6.96,3.132092,FALSE,NA,"visits/30min",0.5,NA,FALSE,"total"
184,2,"5","LMM","visits","number","Gaussian","FALSE","European starling Sturnus vulgaris","direct","0.5",0.5,TRUE,4.38,2.296867,FALSE,NA,"visits/30min",0.5,NA,FALSE,"female"
184,2,"4","LMM","visits","number","Gaussian","FALSE","European starling Sturnus vulgaris","direct","0.5",0.5,TRUE,2.54,2.40127,FALSE,NA,"visits/30min",0.5,NA,FALSE,"male"
196,NA,"1","GLMM","visits","number","Poisson","FALSE","wood warbler Phylloscopus sibilatrix","video","1",1,TRUE,14,13.19091,FALSE,NA,"visits/hour",1,NA,FALSE,NA
200,2,"2","GLMM","visits","number","Poisson","FALSE","chestnut-crowned babbler Pomatostomus ruficeps","automated","9.6 ± 3.7 h/day",9.6,FALSE,0.96,NA,FALSE,NA,"visits/hour",9.6,NA,FALSE,"helper males; from model estimate"
224,1,"1","LMM","visits","number","Gaussian","TRUE","house wrens (Troglodytes aedon)","video","1",1,TRUE,7.967391,4.861717,FALSE,NA,"visits/hour",1,NA,FALSE,"females; extracted from dryad data"
224,NA,"2","LMM","visits","number","Gaussian","TRUE","house wrens (Troglodytes aedon)","video","1",1,TRUE,10.69231,4.308608,FALSE,NA,"visits/hour",1,NA,FALSE,"females, yolk subset; extracted from dryad data"
233,1,"1","GLM","visits","number","Quasi-poisson","FALSE","great tit Parus major","video","1",1,TRUE,16.28102,NA,FALSE,NA,"visits/hour",1,NA,FALSE,"intercepts from model - day4"
233,1,"1","GLM","visits","number","Quasi-poisson","FALSE","great tit Parus major","video","1",1,TRUE,39.25191,NA,FALSE,NA,"visits/hour",1,NA,FALSE,"intercepts from model - day11"
246,3,"3","GLMM","visits","number","Poisson","FALSE","blue-black grassquit, Volatinia jacarina","video","2.20 ± 0.46 h (mean ± SD, range 1.12-2.97 h,N = 185 recordings",2.2,FALSE,2.241097,1.021713,FALSE,NA,"visits/hour",1,NA,FALSE,"males; extracted from fig 3"
246,NA,"3","GLMM","visits","number","Poisson","FALSE","blue-black grassquit, Volatinia jacarina","video","2.20 ± 0.46 h (mean ± SD, range 1.12-2.97 h,N = 185 recordings",2.2,FALSE,1.864095,0.9163268,FALSE,NA,"visits/hour",1,NA,FALSE,"females; extracted from fig 3"
254,2,"1","GLM","visits","number","Quasi-poisson","FALSE","brown booby, Sula leucogaster","direct","2",2,TRUE,5.12,2.123299,FALSE,NA,"visits/2hour",2,NA,FALSE,"female"
254,2,"1","GLM","visits","number","Poisson","FALSE","brown booby, Sula leucogaster","direct","2",2,TRUE,5.62,2.435549,FALSE,NA,"visits/2hour",2,NA,FALSE,"male"
254,1,"2","LM","visits","number","Gaussian","FALSE","brown booby, Sula leucogaster","direct","2",2,TRUE,5.37,2.28378,FALSE,NA,"visits/2hour",2,NA,FALSE,"pooled"
5,NA,"1","GLMM","visits","number","Negative_Binomial","FALSE","bee-eaters Merops apiaster","video","0.5",0.5,TRUE,9.539766,9.10082,TRUE,2,"visits/30min",0.5,NA,FALSE,"extracted from fig 2a"
5,NA,"1","GLMM","visits","number","Negative_Binomial","FALSE","bee-eaters Merops apiaster","video","0.5",0.5,TRUE,11.05793,9.48867,TRUE,2,"visits/30min",0.5,NA,FALSE,"extracted from fig 2b; assumed sample size divded equally between week and weekend days"
29,NA,"1","GLMM","visits","number","Poisson","FALSE","red-flanked bluetail Tarsiger cyanurus","video","1",1,TRUE,16.465686,7.069834,TRUE,3,"visits/hour",1,NA,FALSE,"I THINK that they watched nests multiply for an hour at a time, and analyse number of feeds during that hour, but not completely clear"
75,NA,"1","non-parametric","visits","number","non-parametric","FALSE","red-backed fairywren Malurus melanicephalus","direct","1",1,TRUE,1.342,1.768347,TRUE,2,"visits/hour",1,NA,FALSE,"no group sample sizes presented (totalN = 25, split evenly between groups)"
105,NA,"1","LM","visits","number","Gaussian","FALSE","blue tit Cyanistes caeruleus","video","1",1,TRUE,22.89,11.3486,TRUE,2,"visits/hour",1,NA,FALSE,"females"
105,NA,"1","LM","visits","number","Gaussian","FALSE","blue tit Cyanistes caeruleus","video","1",1,TRUE,27.725,11.6557,TRUE,2,"visits/hour",1,NA,FALSE,"males"
105,NA,"1","LM","visits","number","Gaussian","FALSE","blue tit Cyanistes caeruleus","video","1",1,TRUE,50.61,17.8666,TRUE,2,"visits/hour",1,NA,FALSE,"total"
126,NA,"1","LMM","visits","number","Gaussian","FALSE","blue tit Cyanistes caeruleus","video","1",1,TRUE,26.04328,NA,TRUE,6,"visits/hour",1,NA,FALSE,"means taken from table S2"
126,NA,"1","LMM","visits","number","Gaussian","FALSE","great tit Parus major","video","1",1,TRUE,15.1459,NA,TRUE,6,"visits/hour",1,NA,FALSE,"means taken from table S2"
160,NA,"1","LMM","visits","number","Gaussian","FALSE","tree swallow Tachycineta bicolor","video","1",1,TRUE,11.549306,4.745108,TRUE,6,"visits/hour",1,NA,FALSE,"playback experiment; extracted from fig 3"
178,NA,"1","LM","visits","number","Gaussian","FALSE","house martin Delichon urbica","direct","1",1,TRUE,5.893043,2.65062,TRUE,2,"visits/hour",1,NA,FALSE,"age1 2012"
178,NA,"1","LM","visits","number","Gaussian","FALSE","house martin Delichon urbica","direct","1",1,TRUE,6.57,2.40192,TRUE,2,"visits/hour",1,NA,FALSE,"age1 2013"
178,NA,"1","LM","visits","number","Gaussian","FALSE","house martin Delichon urbica","direct","1",1,TRUE,7.049512,2.79634,TRUE,2,"visits/hour",1,NA,FALSE,"age2 2012"
178,NA,"1","LM","visits","number","Gaussian","FALSE","house martin Delichon urbica","direct","1",1,TRUE,7.080256,2.97047,TRUE,2,"visits/hour",1,NA,FALSE,"age2 2013"
178,NA,"1","LM","visits","number","Gaussian","FALSE","house martin Delichon urbica","direct","1",1,TRUE,4.606829,2.70244,TRUE,2,"visits/hour",1,NA,FALSE,"age3 2012"
178,NA,"1","LM","visits","number","Gaussian","FALSE","house martin Delichon urbica","direct","1",1,TRUE,5.484054,3.45973,TRUE,2,"visits/hour",1,NA,FALSE,"age3 2013"
178,NA,"1","LM","visits","number","Gaussian","FALSE","house martin Delichon urbica","direct","1",1,TRUE,6.308214,2.66467,TRUE,3,"visits/hour",1,NA,FALSE,"first clutch 2012"
178,NA,"1","LM","visits","number","Gaussian","FALSE","house martin Delichon urbica","direct","1",1,TRUE,6.784762,3.1255,TRUE,3,"visits/hour",1,NA,FALSE,"first clutch 2013"
178,NA,"1","LM","visits","number","Gaussian","FALSE","house martin Delichon urbica","direct","1",1,TRUE,4.979545,3.06213,TRUE,3,"visits/hour",1,NA,FALSE,"second clutch 2012"
178,NA,"1","LM","visits","number","Gaussian","FALSE","house martin Delichon urbica","direct","1",1,TRUE,5.442941,2.45361,TRUE,3,"visits/hour",1,NA,FALSE,"second clutch 2013"
184,NA,"1","LMM","visits","number","Gaussian","FALSE","European starling Sturnus vulgaris","direct","0.5",0.5,TRUE,6.733378,3.00775,TRUE,2,"visits/30min",0.5,NA,FALSE,"total; peak vs delayed"
184,NA,"1","LMM","visits","number","Gaussian","FALSE","European starling Sturnus vulgaris","direct","0.5",0.5,TRUE,4.293041,2.20592,TRUE,2,"visits/30min",0.5,NA,FALSE,"female; peak vs delayed"
184,NA,"1","LMM","visits","number","Gaussian","FALSE","European starling Sturnus vulgaris","direct","0.5",0.5,TRUE,5.694444,2.73594,TRUE,2,"visits/30min",0.5,NA,FALSE,"total; experimental vs natural"
184,NA,"1","LMM","visits","number","Gaussian","FALSE","European starling Sturnus vulgaris","direct","0.5",0.5,TRUE,3.9,2.23059,TRUE,2,"visits/30min",0.5,NA,FALSE,"female; experimental vs natural"
253,NA,"1","LMM","visits","number","Gaussian","FALSE","great tit Parus major","video","1",1,TRUE,18.06513,10.67049,TRUE,2,"visits/hour",1,NA,FALSE,"extracted from fig 1"
278,NA,"1","LM","visits","number","Gaussian","FALSE","spotless starlings (Sturnus unicolor)","automated","40 mins",0.66667,TRUE,5.835369,4.81238,TRUE,8,"visits/40mins",0.66667,NA,FALSE,"pooled; extracted from fig 1 and 2"
278,NA,"1","LM","visits","number","Gaussian","FALSE","spotless starlings (Sturnus unicolor)","automated","40 mins",0.66667,TRUE,7.92614,4.36017,TRUE,4,"visits/40mins",0.66667,NA,FALSE,"female; extracted from fig 1"
278,NA,"1","LM","visits","number","Gaussian","FALSE","spotless starlings (Sturnus unicolor)","automated","40 mins",0.66667,TRUE,3.744597,4.34737,TRUE,4,"visits/40mins",0.66667,NA,FALSE,"male; extracted from fig 2"
283,NA,"1","LMM","visits","number","Gaussian","FALSE","brown thornbills (Acanthiza pusilla)","video","45 mins",0.75,TRUE,4.266038,3.724034,TRUE,12,"visits/45min",0.75,NA,FALSE,"extracted from fig 2"
24,NA,"2","LMM","visits/hour","rate","Gaussian","FALSE","Acorn woodpecker Melanerpes formicivorus","direct","~3",3,FALSE,NA,NA,NA,NA,"visits/hour",1,NA,FALSE,"data not presented"
27,NA,"1","non-parametric","visits/hour","rate","non-parametric","FALSE","Nuthatch, Sitta europaea","video","95.05 ± SD 12.01 min",1.5,FALSE,NA,NA,NA,NA,"visits/hour",1,NA,FALSE,"male PR; data not presented"
27,NA,"2","non-parametric","visits/hour","rate","non-parametric","FALSE","Nuthatch, Sitta europaea","video","95.05 ± SD 12.01 min",1.5,FALSE,NA,NA,NA,NA,"visits/hour",1,NA,FALSE,"female PR; data not presented"
28,NA,"1","GLMM","visits/hour","rate","Poisson","TRUE; but embargoed","House sparrow (Passer domesticus)","video","1.5",1.5,TRUE,7.84597,NA,FALSE,NA,"visits/hour",1,NA,FALSE,"exp model intercept used; data embargoed on dryad"
38,NA,"1","LM","visits/hour/chick","rate","Gaussian","FALSE","chestnut-crowned babbler (Pomatostomus ruficeps)","automated","15 h (±5 h SD, range = 6–28 h) during control days and 8 h (±4 h SD, range = 2–14 h) during experimental days;",11.5,FALSE,NA,NA,NA,NA,"visits/hour/chick",1,NA,TRUE,"per chick data available, but not extracted"
38,NA,"1","LM","visits/hour/chick","rate","Gaussian","FALSE","chestnut-crowned babbler (Pomatostomus ruficeps)","automated","15 h (±5 h SD, range = 6–28 h) during control days and 8 h (±4 h SD, range = 2–14 h) during experimental days;",11.5,FALSE,NA,NA,NA,NA,"visits/hour/chick",1,NA,TRUE,"per chick data available, but not extracted"
55,NA,"2","LM","visits/day/chick","rate","Gaussian","FALSE","bald eagle Haliaeetus leucocephalus","video","~ sunrise-sunset",24,TRUE,NA,NA,NA,NA,NA,NA,NA,NA,NA
70,1,"1","LMM","visits/hour","rate","Gaussian","FALSE","chestnut-crowned babbler Pomatostomus ruficeps","automated","control - 17, exp - 6",10,FALSE,NA,NA,NA,NA,"visits/hour",1,NA,FALSE,"exp vs. control; individual"
73,NA,"1","LMM","visits/30min/chick","rate","Gaussian","FALSE","European starling Sturnus vulgaris","direct","0.5",0.5,TRUE,NA,NA,NA,NA,NA,NA,NA,NA,"Male; single vs. double brooders"
73,NA,"1","LMM","visits/30min/chick","rate","Gaussian","FALSE","European starling Sturnus vulgaris","direct","0.5",0.5,TRUE,NA,NA,NA,NA,NA,NA,NA,NA,"Male; successful single vs. double brooders"
73,NA,"1","LMM","visits/30min/chick","rate","Gaussian","FALSE","European starling Sturnus vulgaris","direct","0.5",0.5,TRUE,NA,NA,NA,NA,NA,NA,NA,NA,"Male; successful vs. failed double brooders"
73,NA,"1","LMM","visits/30min/chick","rate","Gaussian","FALSE","European starling Sturnus vulgaris","direct","0.5",0.5,TRUE,NA,NA,NA,NA,NA,NA,NA,NA,"Total; single vs. double brooders"
73,NA,"1","LMM","visits/30min/chick","rate","Gaussian","FALSE","European starling Sturnus vulgaris","direct","0.5",0.5,TRUE,NA,NA,NA,NA,NA,NA,NA,NA,"Total; successful single vs. double brooders"
73,NA,"1","LMM","visits/30min/chick","rate","Gaussian","FALSE","European starling Sturnus vulgaris","direct","0.5",0.5,TRUE,NA,NA,NA,NA,NA,NA,NA,NA,"Total; successful vs. failed double brooders"
76,NA,"2","LMM","visits/chick","rate","Gaussian","FALSE","eastern bluebird Sialia sialis","video","2",2,TRUE,NA,NA,NA,NA,NA,NA,NA,NA,"rates not presented"
76,NA,"2","LMM","visits/chick","rate","Gaussian","FALSE","eastern bluebird Sialia sialis","video","2",2,TRUE,NA,NA,NA,NA,NA,NA,NA,NA,"rates not presented"
136,NA,"1","LMM","visits/hour","rate","Gaussian","FALSE","bell miner Manorina melanophrys","mixed direct + video","not specified",NA,NA,NA,NA,NA,NA,"visits/hour",1,NA,FALSE,"rates and observation periods not presented"
150,NA,"3","LM","visits/hour","rate","Gaussian","FALSE","house sparrow Passer domesticus","mixed direct + video","1 or 2",1.5,FALSE,NA,NA,NA,NA,"visits/hour",1,NA,FALSE,"daughter"
150,NA,"3","LM","visits/hour","rate","Gaussian","FALSE","house sparrow Passer domesticus","mixed direct + video","1 or 2",1.5,FALSE,NA,NA,NA,NA,"visits/hour",1,NA,FALSE,"son"
150,NA,"1","LM","visits/hour","rate","Gaussian","FALSE","house sparrow Passer domesticus","mixed direct + video","1 or 2",1.5,FALSE,NA,NA,NA,NA,"visits/hour",1,NA,FALSE,"mid-offspring"
150,1,"1","LMM","visits/hour","rate","Gaussian","FALSE","house sparrow Passer domesticus","mixed direct + video","1 or 2",1.5,FALSE,NA,NA,NA,NA,"visits/hour",1,NA,FALSE,"pedigree dataset; data not reported"
184,NA,"1","LMM","visits/30min/chick","rate","Gaussian","FALSE","European starling Sturnus vulgaris","direct","0.5",0.5,TRUE,NA,NA,NA,NA,"visits/30min",0.5,NA,TRUE,"total per chick; data not extracted"
184,NA,"1","LMM","visits/30min/chick","rate","Gaussian","FALSE","European starling Sturnus vulgaris","direct","0.5",0.5,TRUE,NA,NA,NA,NA,"visits/30min",0.5,NA,TRUE,"female per chick; data not extracted"
184,NA,"1","LMM","visits/30min/chick","rate","Gaussian","FALSE","European starling Sturnus vulgaris","direct","0.5",0.5,TRUE,NA,NA,NA,NA,"visits/30min",0.5,NA,TRUE,"male per chick; data not extracted"
201,1,"1","LMM","visits/hour","rate","Gaussian","FALSE","Yellow Warbler Setophaga petechia","video","2-4 hours",3,FALSE,NA,NA,NA,NA,"visits/hour",1,NA,FALSE,"nestling feeding; not clear if all vaiables in models standardised"
19,NA,"1/1","LM/GLM","visits/30mins","rate","Gaussian/Negative_Binomial","FALSE","Cerulean warblers (Setophaga cerulea)","video","0.7592593 ± 0.2545875, mean+sd",0.7592593,FALSE,4.31,1.766692,FALSE,NA,"visits/30min",0.5,NA,FALSE,NA
33,NA,"1","LMM","visits/hour","rate","Gaussian","TRUE, but incomprehensable","azure-winged magpie Cyanapica cyana","video","unclear",NA,NA,1.15,0.6734983,FALSE,NA,"visits/hour",1,NA,FALSE,"incubation feeding; unsure of data collection"
33,NA,"1","LMM","visits/hour","rate","Gaussian","TRUE, but incomprehensable","azure-winged magpie Cyanapica cyana","video","unclear",NA,NA,1.522042,1.26366,FALSE,NA,"visits/hour",1,NA,FALSE,"extracted from fig 2"
42,NA,"1","LM","visits/hour","rate","Gaussian","FALSE","sapayoa Sapayoa aenigma","video","2-4",3,FALSE,1.066575,0.7753294,FALSE,NA,"visits/hour",1,NA,FALSE,"extracted from figure 4b"
42,NA,"1","LM","visits/hour","rate","Gaussian","FALSE","sapayoa Sapayoa aenigma","video","2-4",3,FALSE,1.054039,0.6122655,FALSE,NA,"visits/hour",1,NA,FALSE,"extracted from figure 4c"
55,NA,"2","LM","visits/day","rate","Gaussian","FALSE","bald eagle Haliaeetus leucocephalus","video","~ sunrise-sunset",24,TRUE,2.64,NA,FALSE,NA,"visits/day",24,NA,FALSE,"mean of means; sd not used as sd of 4 means"
69,NA,"2","LMM","visits/min","rate","Gaussian","FALSE","blue tit Cyanistes caeruleus","video","2",2,TRUE,0.4367205,0.1893488,FALSE,NA,"visits/min",0.01666667,NA,FALSE,"PR; extracted from fig1a"
69,NA,"2","LMM","visits/min","rate","Gaussian","FALSE","blue tit Cyanistes caeruleus","video","2",2,TRUE,0.4186535,0.189167,FALSE,NA,"visits/min",0.01666667,NA,FALSE,"partner PR; extracted from fig1c"
70,NA,"1","LM","visits/hour","rate","Gaussian","FALSE","chestnut-crowned babbler Pomatostomus ruficeps","automated","control - 17, exp - 6",10,FALSE,6.731265,2.588481,FALSE,NA,"visits/hour",1,NA,FALSE,"control; brood"
70,NA,"1","LM","visits/hour/chick","rate","Gaussian","FALSE","chestnut-crowned babbler Pomatostomus ruficeps","automated","control - 17, exp - 6",10,FALSE,2.29609,1.023478,FALSE,NA,"visits/hour/chick",1,NA,TRUE,"control; per chick"
70,NA,"1","LMM","visits/hour","rate","Gaussian","FALSE","chestnut-crowned babbler Pomatostomus ruficeps","automated","control - 17, exp - 6",10,FALSE,3.1,2,FALSE,NA,"visits/hour",1,NA,FALSE,"control; individual"
94,2,"1","LM","visits/hour","rate","Gaussian","FALSE","long-tailed tit Aegithalos caudatus","direct","0.87 (average; range = 0.5-2)",0.87,FALSE,20,NA,FALSE,NA,"visits/hour",1,NA,FALSE,"mean IVI - 6, so rate of two birds = 20 visits per hour"
96,NA,"1","LM","visits/hour/chick","rate","Gaussian","FALSE","eastern phoebe Sayornis phoebe","video","2",2,TRUE,9.689286,6.06213,FALSE,NA,"visits/hour/chick",1,4.3,TRUE,NA
97,NA,"2","LM","visits/hour/chick","rate","Gaussian","FALSE","fire-eyed diucon Xolmis pyrope","video","1",1,TRUE,13.35316,7.102973,FALSE,NA,"visits/hour",1,3,FALSE,"extracted from fig. 1c; one nest 3 chicks so visits/hour calculated"
100,NA,"2","non-parametric","visits/hour","rate","non-parametric","FALSE","Syrian woodpecker Dendrocopos syriacus","mixed direct + video","2",2,TRUE,7.818182,2.040499,FALSE,NA,"visits/hour",1,NA,FALSE,"total; extracted from fig2"
100,NA,"1","non-parametric","visits/hour","rate","non-parametric","FALSE","Syrian woodpecker Dendrocopos syriacus","mixed direct + video","2",2,TRUE,3.909091,0.8312094,FALSE,NA,"visits/hour",1,NA,FALSE,"females; extracted from fig2"
100,NA,"1","non-parametric","visits/hour","rate","non-parametric","FALSE","Syrian woodpecker Dendrocopos syriacus","mixed direct + video","2",2,TRUE,4.272727,1.793929,FALSE,NA,"visits/hour",1,NA,FALSE,"males; extracted from fig2"
100,NA,"7","non-parametric","visits/hour/chick","rate","non-parametric","FALSE","Syrian woodpecker Dendrocopos syriacus","mixed direct + video","2",2,TRUE,NA,NA,NA,NA,NA,NA,NA,TRUE,"total per chick; data not extracted"
100,NA,"2","non-parametric","visits/hour/chick","rate","non-parametric","FALSE","Syrian woodpecker Dendrocopos syriacus","mixed direct + video","2",2,TRUE,NA,NA,NA,NA,NA,NA,NA,TRUE,"female per chick; data not extracted"
100,NA,"2","non-parametric","visits/hour/chick","rate","non-parametric","FALSE","Syrian woodpecker Dendrocopos syriacus","mixed direct + video","2",2,TRUE,NA,NA,NA,NA,NA,NA,NA,TRUE,"male per chick; data not extracted"
101,NA,"2","LM","visits/hour/chick","rate","Gaussian","TRUE","European starling Sturnus vulgaris","direct","0.5",0.5,TRUE,2.807083,1.262125,FALSE,NA,"visits/30mins",0.5,NA,FALSE,"table3; extracted from SM; analysed as per chick,"
101,NA,"2","LM","visits/hour/chick","rate","Gaussian","TRUE","European starling Sturnus vulgaris","direct","0.5",0.5,TRUE,2.437391,1.786564,FALSE,NA,"visits/30mins",0.5,NA,FALSE,"table4; extracted from SM; analysed as per chick,"
101,NA,"1","LM","visits/hour/chick","rate","Gaussian","TRUE","European starling Sturnus vulgaris","direct","0.5",0.5,TRUE,3.438125,1.417832,FALSE,NA,"visits/30mins",0.5,NA,FALSE,"table5; extracted from SM; analysed as per chick,"
101,NA,"1","LM","visits/hour/chick","rate","Gaussian","TRUE","European starling Sturnus vulgaris","direct","0.5",0.5,TRUE,1.827813,1.27047,FALSE,NA,"visits/30mins",0.5,NA,FALSE,"table5; extracted from SM; analysed as per chick,"
101,NA,"1","LM","visits/hour/chick","rate","Gaussian","TRUE","European starling Sturnus vulgaris","direct","0.5",0.5,TRUE,5.95875,2.499887,FALSE,NA,"visits/30mins",0.5,NA,FALSE,"table5; extracted from SM; analysed as per chick,"
101,NA,"1","LM","visits/hour/chick","rate","Gaussian","TRUE","European starling Sturnus vulgaris","direct","0.5",0.5,TRUE,2.317619,1.837908,FALSE,NA,"visits/30mins",0.5,NA,FALSE,"table6; extracted from SM; analysed as per chick,"
101,NA,"1","LM","visits/hour/chick","rate","Gaussian","TRUE","European starling Sturnus vulgaris","direct","0.5",0.5,TRUE,1.535476,1.835235,FALSE,NA,"visits/30mins",0.5,NA,FALSE,"table6; extracted from SM; analysed as per chick,"
101,NA,"1","LM","visits/hour/chick","rate","Gaussian","TRUE","European starling Sturnus vulgaris","direct","0.5",0.5,TRUE,5.92619,3.01942,FALSE,NA,"visits/30mins",0.5,NA,FALSE,"table6; extracted from SM; analysed as per chick,"
101,NA,"1","LM","visits/hour/chick","rate","Gaussian","TRUE","European starling Sturnus vulgaris","direct","0.5",0.5,TRUE,2.1925,1.733561,FALSE,NA,"visits/30mins",0.5,NA,FALSE,"table6; extracted from SM; analysed as per chick,"
101,NA,"1","LM","visits/hour/chick","rate","Gaussian","TRUE","European starling Sturnus vulgaris","direct","0.5",0.5,TRUE,1.458125,1.122819,FALSE,NA,"visits/30mins",0.5,NA,FALSE,"table6; extracted from SM; analysed as per chick,"
101,NA,"1","LM","visits/hour/chick","rate","Gaussian","TRUE","European starling Sturnus vulgaris","direct","0.5",0.5,TRUE,4.84375,2.59306,FALSE,NA,"visits/30mins",0.5,NA,FALSE,"table6; extracted from SM; analysed as per chick,"
102,NA,"1","LM","visits/hour","rate","Gaussian","FALSE","undulated antshrike Frederickena unduliger","automated","12",12,TRUE,1.9,0.5,FALSE,2,"visits/hour",1,NA,FALSE,"from degrees of freedom, guess that they calcaulte one rate per day per sex; days are 12 hours long, 13 days"
114,NA,"1","LMM","visits/min","rate","Gaussian","TRUE","blue tit Cyanistes caeruleus","video","2",2,TRUE,0.4004673,0.2018617,FALSE,NA,"visits/min",0.01666666667,NA,FALSE,"data from SM"
120,2,"1","LMM","visits/hour/chick","rate","Gaussian","FALSE","Arctic tern (Sterna paradisaea) / Common Tern (Sterna hirundo)","direct","3",3,TRUE,3.16,0.8336666,FALSE,NA,"visits/hour",1,NA,FALSE,"data presented not per chick, but analysed per chick"
124,NA,"2","LM","visits/hour","rate","Gaussian","FALSE","eastern kingbird Tyrannus tyrannus","video","1-4 (mainly 2-4)",3,FALSE,4.94,2.968,FALSE,NA,"visits/hour",1,NA,FALSE,"males"
124,NA,"1","LM","visits/hour","rate","Gaussian","FALSE","eastern kingbird Tyrannus tyrannus","video","1-4 (mainly 2-4)",3,FALSE,5.35,2.149,FALSE,NA,"visits/hour",1,NA,FALSE,"females"
148,NA,"1","LMM","visits/hour","rate","Gaussian","FALSE","ground tit Pseudopodoces humilis","direct","6.5 ± 0.5 in total for nest, but measured every 2 days? 2 hours?",2,FALSE,5.75,5.388877,FALSE,NA,"visits/hour",1,NA,FALSE,"polyandrous females"
148,NA,"1","LMM","visits/hour","rate","Gaussian","FALSE","ground tit Pseudopodoces humilis","direct","6.5 ± 0.5 in total for nest, but measured every 2 days? 2 hours?",2,FALSE,7.16,6.034401,FALSE,NA,"visits/hour",1,NA,FALSE,"monogamous females"
148,NA,"1","LMM","visits/hour","rate","Gaussian","FALSE","ground tit Pseudopodoces humilis","direct","6.5 ± 0.5 in total for nest, but measured every 2 days? 2 hours?",2,FALSE,5.09,2.44949,FALSE,NA,"visits/hour",1,NA,FALSE,"cuckolded males"
148,NA,"1","LMM","visits/hour","rate","Gaussian","FALSE","ground tit Pseudopodoces humilis","direct","6.5 ± 0.5 in total for nest, but measured every 2 days? 2 hours?",2,FALSE,3.49,2.839718,FALSE,NA,"visits/hour",1,NA,FALSE,"noncuckolded males"
150,1,"1","LMM","visits/hour","rate","Gaussian","FALSE","house sparrow Passer domesticus","mixed direct + video","1 or 2",1.5,FALSE,11.4,8.827231,FALSE,NA,"visits/hour",1,NA,FALSE,"whole dataset"
150,1,"1","LMM","visits/hour","rate","Gaussian","FALSE","house sparrow Passer domesticus","mixed direct + video","1 or 2",1.5,FALSE,10.8,8.827231,FALSE,NA,"visits/hour",1,NA,FALSE,"heterozygocisty dataset"
166,NA,"1","LM","visits/hour","rate","Gaussian","FALSE","white-crowned sparrow Zonotrichia leucophrys","video","2-4",3,FALSE,4.9,3.3,FALSE,NA,"visits/hour",1,NA,FALSE,"pooled sexes"
166,NA,"20","LM","visits/hour","rate","Gaussian","FALSE","white-crowned sparrow Zonotrichia leucophrys","video","2-4",3,FALSE,4.1,2.5,FALSE,NA,"visits/hour",1,NA,FALSE,"males"
166,NA,"20","LM","visits/hour","rate","Gaussian","FALSE","white-crowned sparrow Zonotrichia leucophrys","video","2-4",3,FALSE,5.7,3.8,FALSE,NA,"visits/hour",1,NA,FALSE,"females"
172,NA,"1","LM","visits/min","rate","Gaussian","FALSE","great tit Parus major","video","1.5",1.5,TRUE,15.9,8.1,FALSE,NA,"visits/hour",1,NA,FALSE,"control great tits"
172,NA,"1","LM","visits/min","rate","Gaussian","FALSE","blue tit Cyanistes caeruleus","video","1.5",1.5,TRUE,20.3,12,FALSE,NA,"visits/hour",1,NA,FALSE,"control blue tits"
194,NA,"4","LMM","visits/hour","rate","Gaussian","TRUE","long-tailed tit Aegithalos caudatus","direct","c.1",1,FALSE,7.586201,4.602151,FALSE,NA,"visits/hour",1,NA,FALSE,"pooled parents and helpers; data taken from dryad"
194,NA,"4","LMM","visits/hour","rate","Gaussian","TRUE","long-tailed tit Aegithalos caudatus","direct","c.1",1,FALSE,8.208812,4.67156,FALSE,NA,"visits/hour",1,NA,FALSE,"parents; data taken from dryad"
201,1,"1","GLMM","visits/hour","rate","zero-inflated Poisson","FALSE","Yellow Warbler Setophaga petechia","video","2-4 hours",3,FALSE,2.611696,NA,FALSE,NA,"visits/hour",1,NA,FALSE,"male incubation feeding; from table s4 - intercept only model"
223,NA,"1","LM","visits/hour","rate","Gaussian","FALSE","Mississippi Kite Ictinia mississippiensis","direct","2",2,TRUE,1.44,NA,FALSE,NA,"visits/hour",1,NA,FALSE,"years pooled; THINK that they watched nests multiple times, each tme for 2 hours? they then pool all observations of each nest. So I have just included the overal mean, and no Sd"
223,NA,"1","non-parametric","visits/hour","rate","non-parametric","FALSE","Mississippi Kite Ictinia mississippiensis","direct","2",2,TRUE,2.08,NA,FALSE,NA,"visits/hour",1,NA,FALSE,"2010"
223,NA,"1","non-parametric","visits/hour","rate","non-parametric","FALSE","Mississippi Kite Ictinia mississippiensis","direct","2",2,TRUE,0.81,NA,FALSE,NA,"visits/hour",1,NA,FALSE,"2011"
227,NA,"1","LMM","visits/hour","rate","Gaussian","FALSE","carrion crow (Corvus corone)","video","4-8",6,FALSE,2.97359,NA,FALSE,NA,"visits/hour",1,NA,FALSE,"Sample sizes not clear, so SD no used - cuckoo vs. crow"
227,NA,"1","LMM","visits/hour","rate","Gaussian","FALSE","carrion crow (Corvus corone)","video","4-8",6,FALSE,3.490753,1.02434,FALSE,NA,"visits/hour",1,NA,FALSE,"Sample sizes not clear - parasitised vs unparasitised"
245,1,"1","LMM","visits/hour","rate","Gaussian","FALSE","Horned Lark (Eremophila alpestris)","video","4",4,TRUE,3.48,2.01,FALSE,NA,"visits/hour",1,NA,FALSE,"males"
245,1,"1","LMM","visits/hour","rate","Gaussian","FALSE","Horned Lark (Eremophila alpestris)","video","4",4,TRUE,4.99,3.93,FALSE,NA,"visits/hour",1,NA,FALSE,"females"
262,NA,"1","GLMM","visits/day","rate","Poisson","FALSE","Shoebills (Balaeniceps rex)","video","24",24,TRUE,1.12,1.08,FALSE,NA,"visits/day",24,NA,FALSE,NA
262,NA,"1","GLMM","visits/hour","rate","Poisson","FALSE","Shoebills (Balaeniceps rex)","video","1",1,TRUE,0.11,0.35,FALSE,NA,"visits/hour",1,NA,FALSE,NA
274,NA,"1","LM","visits/hour","rate","Gaussian","FALSE","Ochre-collared Piculet (Picumnus temminckii)","direct","2.5",2.5,FALSE,2.037002,1.522504,FALSE,NA,"visits/hour",1,NA,FALSE,"female; extracted from fig 2"
274,NA,"1","LM","visits/hour","rate","Gaussian","FALSE","Ochre-collared Piculet (Picumnus temminckii)","direct","2.5",2.5,FALSE,1.374663,0.6858968,FALSE,NA,"visits/hour",1,NA,FALSE,"male; extracted from fig 2"
10,NA,"1","LM","visits/day","rate","Gaussian","FALSE","thick-billed murre Uria lomvia","automated","73.1 ± 3.7 h mean±SE N=101",73.1,FALSE,1.552475,1.002357,TRUE,3,"visits/day",24,NA,FALSE,NA
11,NA,"1","LMM","visits/hour","rate","Gaussian","FALSE","thick-billed murre Uria lomvia / common guillemot Uria aalge","automated","18",18,TRUE,0.2100435,0.1009065,TRUE,2,"visits/hour",1,NA,FALSE,NA
27,NA,"1","non-parametric","visits/hour","rate","non-parametric","FALSE","Nuthatch, Sitta europaea","video","92.06 ± SD 12.01 min, N = 30 and 95.05 ± SD 12.01 min (N=26).",1.5,FALSE,0.4295292,0.7488425,TRUE,2,"visits/hour",1,NA,FALSE,"incubation feeding extracted from fig 1, no chick feeding data presented"
35,NA,"1","non-parametric","visits/day","rate","non-parametric","FALSE","Magellanic Penguins (Spheniscus magellanicus)","automated","30 days",720,TRUE,0.64,0.318509,TRUE,3,"visits/day",24,NA,FALSE,"males, early chick"
35,NA,"1","non-parametric","visits/day","rate","non-parametric","FALSE","Magellanic Penguins (Spheniscus magellanicus)","automated","30 days",720,TRUE,0.6709677,0.339798,TRUE,3,"visits/day",24,NA,FALSE,"females, early chick"
35,NA,"1","non-parametric","visits/day","rate","non-parametric","FALSE","Magellanic Penguins (Spheniscus magellanicus)","automated","30 days",720,TRUE,0.7285714,0.180673,TRUE,2,"visits/day",24,NA,FALSE,"Total time assumed; males, late chick"
35,NA,"1","non-parametric","visits/day","rate","non-parametric","FALSE","Magellanic Penguins (Spheniscus magellanicus)","automated","30 days",720,TRUE,0.7272727,0.181742,TRUE,2,"visits/day",24,NA,FALSE,"Total time assumed; females, late chick"
38,NA,"1","LM","visits/hour","rate","Gaussian","FALSE","chestnut-crowned babbler (Pomatostomus ruficeps)","automated","15 h (±5 h SD, range = 6–28 h) during control days and 8 h (±4 h SD, range = 2–14 h) during experimental days;",11.5,FALSE,11.1,6.418454,TRUE,2,"visits/hour",1,NA,FALSE,"carer removal"
38,NA,"1","LM","visits/hour","rate","Gaussian","FALSE","chestnut-crowned babbler (Pomatostomus ruficeps)","automated","15 h (±5 h SD, range = 6–28 h) during control days and 8 h (±4 h SD, range = 2–14 h) during experimental days;",11.5,FALSE,14.8,8.581575,TRUE,2,"visits/hour",1,NA,FALSE,"brood size manipulation"
43,NA,"1","non-parametric","visits/hour","rate","non-parametric","FALSE","Tropeiro seedeater Sporophila beltoni","mixed direct + video","at least 1.5 - 60/16",3.75,FALSE,2.848956,2.14602,TRUE,2,"visits/hour",1,NA,FALSE,"sexes, age1; extracted from figure 3c"
43,NA,"1","non-parametric","visits/hour","rate","non-parametric","FALSE","Tropeiro seedeater Sporophila beltoni","mixed direct + video","at least 1.5 - 60/16",3.75,FALSE,5.254514,3.78144,TRUE,2,"visits/hour",1,NA,FALSE,"sexes, age2; extracted from figure 3c"
43,NA,"1","non-parametric","visits/hour","rate","non-parametric","FALSE","Tropeiro seedeater Sporophila beltoni","mixed direct + video","at least 1.5 - 60/16",3.75,FALSE,6.418853,5.58763,TRUE,2,"visits/hour",1,NA,FALSE,"sexes, age3; extracted from figure 3c"
43,NA,"1","non-parametric","visits/hour","rate","non-parametric","FALSE","Tropeiro seedeater Sporophila beltoni","mixed direct + video","at least 1.5 - 60/16",3.75,FALSE,5.908713,3.84237,TRUE,2,"visits/hour",1,NA,FALSE,"females, age 1 vs. 2; extracted from figure 3c"
43,NA,"1","non-parametric","visits/hour","rate","non-parametric","FALSE","Tropeiro seedeater Sporophila beltoni","mixed direct + video","at least 1.5 - 60/16",3.75,FALSE,5.341252,4.36377,TRUE,2,"visits/hour",1,NA,FALSE,"females, age 1 vs. 3; extracted from figure 3c"
43,NA,"1","non-parametric","visits/hour","rate","non-parametric","FALSE","Tropeiro seedeater Sporophila beltoni","mixed direct + video","at least 1.5 - 60/16",3.75,FALSE,6.973978,4.8685,TRUE,2,"visits/hour",1,NA,FALSE,"females, age 2 vs. 3; extracted from figure 3c"
43,NA,"1","non-parametric","visits/hour","rate","non-parametric","FALSE","Tropeiro seedeater Sporophila beltoni","mixed direct + video","at least 1.5 - 60/16",3.75,FALSE,2.595684,1.72776,TRUE,2,"visits/hour",1,NA,FALSE,"males, age 1 vs. 2; extracted from figure 3c"
43,NA,"1","non-parametric","visits/hour","rate","non-parametric","FALSE","Tropeiro seedeater Sporophila beltoni","mixed direct + video","at least 1.5 - 60/16",3.75,FALSE,3.529901,4.32343,TRUE,2,"visits/hour",1,NA,FALSE,"males, age 1 vs. 3; extracted from figure 3c"
43,NA,"1","non-parametric","visits/hour","rate","non-parametric","FALSE","Tropeiro seedeater Sporophila beltoni","mixed direct + video","at least 1.5 - 60/16",3.75,FALSE,4.381843,3.70628,TRUE,2,"visits/hour",1,NA,FALSE,"males, age 2 vs. 3; extracted from figure 3c"
54,NA,"1","LM","visits/30min/chick","rate","Gaussian","FALSE","red-winged blackbird Agelaius phoeniceus","direct","0.5",0.5,TRUE,1.517222,0.399584,TRUE,6,"visits/30mins/chick",0.5,3,TRUE,NA
67,NA,"1","LMM","visits/min","rate","Gaussian","FALSE","blue tit Cyanistes caeruleus","video","1 or 2",1.5,FALSE,0.58,0.244971,TRUE,2,"visits/min",0.01666667,NA,FALSE,NA
70,NA,"1","LMM","visits/hour","rate","Gaussian","FALSE","chestnut-crowned babbler Pomatostomus ruficeps","automated","control - 17, exp - 6",10,FALSE,9.915254,4.68268,TRUE,2,"visits/hour",1,NA,FALSE,"exp vs. control; brood"
70,NA,"1","LMM","visits/hour/chick","rate","Gaussian","FALSE","chestnut-crowned babbler Pomatostomus ruficeps","automated","control - 17, exp - 6",10,FALSE,3.306311,1.53848,TRUE,2,"visits/hour/chick",1,NA,TRUE,"exp vs. control; per chick"
73,NA,"1","LMM","visits/30min/chick","rate","Gaussian","FALSE","European starling Sturnus vulgaris","direct","0.5",0.5,TRUE,0.911627,0.599711,TRUE,2,"visits/30mins/chick",0.5,5.3,TRUE,"Female; single vs. double brooders"
73,NA,"1","LMM","visits/30min/chick","rate","Gaussian","FALSE","European starling Sturnus vulgaris","direct","0.5",0.5,TRUE,0.9455307,0.615795,TRUE,2,"visits/30mins/chick",0.5,5.3,TRUE,"Female; successful single vs. double brooders"
73,NA,"1","LMM","visits/30min/chick","rate","Gaussian","FALSE","European starling Sturnus vulgaris","direct","0.5",0.5,TRUE,1.06092,0.650882,TRUE,2,"visits/30mins/chick",0.5,5.3,TRUE,"Female; successful vs. failed double brooders"
85,NA,"1","non-parametric","visits/hour/chick","rate","non-parametric","FALSE","spectacled tyrant Hymenops perspicillatus","video","4",4,TRUE,6.283427,3.66674,TRUE,4,"visits/hour/chick",1,NA,TRUE,"extracted from fig 3"
86,1,"6","LM","visits/day","rate","Gaussian","FALSE","rockhopper penguin Eudyptes chrysocome","automated","332.18571 ±  57.24212 SD",332.18571,FALSE,0.7039286,0.2361254,TRUE,2,"visits/day",24,NA,FALSE,"Female Creche PR"
86,NA,"1","non-parametric","visits/day","rate","non-parametric","FALSE","rockhopper penguin Eudyptes chrysocome","automated","550.48421 ± 61.16239 SD",550.48421,FALSE,0.8489474,0.1492084,TRUE,2,"visits/day",24,NA,FALSE,"Female Guard PR"
86,1,"2","non-parametric","visits/day","rate","non-parametric","FALSE","rockhopper penguin Eudyptes chrysocome","automated","332.18571 ±  57.24212 SD",332.18571,FALSE,0.3532143,0.2796628,TRUE,2,"visits/day",24,NA,FALSE,"Male Creche PR"
86,1,"1","non-parametric","visits/day","rate","non-parametric","FALSE","rockhopper penguin Eudyptes chrysocome","automated","332.18571 ±  57.24212 SD",332.18571,FALSE,1.0571429,0.4304281,TRUE,2,"visits/day",24,NA,FALSE,"Total Creche PR"
92,NA,"1","LM","visits/hour","rate","Gaussian","FALSE","Arabian babbler Turdoides squamiceps","direct","2",2,TRUE,12.28815,4.56202,TRUE,2,"visits/hour",1,NA,FALSE,"delta1,2; extracted from fig1"
92,NA,"1","LM","visits/hour","rate","Gaussian","FALSE","Arabian babbler Turdoides squamiceps","direct","2",2,TRUE,13.37163,3.53854,TRUE,2,"visits/hour",1,NA,FALSE,"delta2,3; extracted from fig1"
124,NA,"1","LM","visits/hour","rate","Gaussian","FALSE","eastern kingbird Tyrannus tyrannus","video","1-4 (mainly 2-4)",3,FALSE,5.145,2.5859,TRUE,2,"visits/hour",1,NA,FALSE,"pooled"
139,NA,"3","non-parametric","visits/hour","rate","non-parametric","FALSE","European roller Coracias garrulus","video","94.69±8.07932  SD",1.5,FALSE,1.222949,1.4433,TRUE,4,"visits/hour",1,NA,FALSE,"extracted from fig 1"
148,NA,"1","LM","visits/hour","rate","Gaussian","FALSE","ground tit Pseudopodoces humilis","direct","6.5 ± 0.5 in total for nest, but measured every 2 days? 2 hours?",2,FALSE,10.727288,2.926116,TRUE,2,"visits/hour",1,NA,FALSE,"Total PR"
148,NA,"1","LM","visits/hour","rate","Gaussian","FALSE","ground tit Pseudopodoces humilis","direct","6.5 ± 0.5 in total for nest, but measured every 2 days? 2 hours?",2,FALSE,6.586441,5.774948,TRUE,2,"visits/hour",1,NA,FALSE,"females"
148,NA,"1","LM","visits/hour","rate","Gaussian","FALSE","ground tit Pseudopodoces humilis","direct","6.5 ± 0.5 in total for nest, but measured every 2 days? 2 hours?",2,FALSE,4.140847,2.781167,TRUE,2,"visits/hour",1,NA,FALSE,"males"
160,NA,"1","LM","visits/hour","rate","Gaussian","FALSE","tree swallow Tachycineta bicolor","video","2",2,TRUE,15.188,6.607738,TRUE,2,"visits/hour",1,NA,FALSE,"pre experiment"
172,NA,"1","LM","visits/min","rate","Gaussian","FALSE","great tit Parus major / blue tit Cyanistes caeruleus","video","1.5",1.5,TRUE,18.17634,10.5208,TRUE,2,"visits/hour",1,NA,FALSE,"control great vs blue tits"
172,4,"1","LM","visits/min","rate","Gaussian","FALSE","great tit Parus major","video","1.5",1.5,TRUE,15.544878,8.128269,TRUE,2,"visits/hour",1,NA,FALSE,"control versus cross foster great tits"
172,4,"1","LM","visits/min","rate","Gaussian","FALSE","blue tit Cyanistes caeruleus","video","1.5",1.5,TRUE,20.06279,11.66689,TRUE,2,"visits/hour",1,NA,FALSE,"control versus cross foster blue tits"
174,NA,"1","GLMM","visits/hour","rate","Gamma","FALSE","house wren Troglodytes aedon","video","4",4,TRUE,18.68028,3.86763,TRUE,2,"visits/hour",1,NA,FALSE,"age1"
174,NA,"1","GLMM","visits/hour","rate","Gamma","FALSE","house wren Troglodytes aedon","video","4",4,TRUE,27.08324,7.26442,TRUE,2,"visits/hour",1,NA,FALSE,"age2"
174,NA,"1","GLMM","visits/hour","rate","Gamma","FALSE","house wren Troglodytes aedon","video","4",4,TRUE,34.31875,10.8407,TRUE,2,"visits/hour",1,NA,FALSE,"age3"
174,NA,"1","GLMM","visits/hour/chick","rate","Gamma","FALSE","house wren Troglodytes aedon","video","4",4,TRUE,4.040833,0.812285,TRUE,2,"visits/hour/chick",1,NA,TRUE,"age1"
174,NA,"1","GLMM","visits/hour/chick","rate","Gamma","FALSE","house wren Troglodytes aedon","video","4",4,TRUE,5.830588,1.38593,TRUE,2,"visits/hour/chick",1,NA,TRUE,"age2"
174,NA,"1","GLMM","visits/hour/chick","rate","Gamma","FALSE","house wren Troglodytes aedon","video","4",4,TRUE,7.28,2.12618,TRUE,2,"visits/hour/chick",1,NA,TRUE,"age3"
181,NA,"2","non-parametric","visits/hour","rate","non-parametric","FALSE","lesser grass-finch Emberizoides ypiranganus","direct","not specified",NA,NA,2.833333,NA,TRUE,3,"visits/hour",1,NA,FALSE,"combined means, not sure of sample sizes per age, assumed equal, not Sd presented - obseravtion tme not clear"
190,NA,"5","LMM","visits/hour","rate","Gaussian","FALSE","oriental stork Ciconia boyciana","video","6",6,TRUE,0.3602807,0.160677,TRUE,2,"visits/hour",1,NA,FALSE,"extracted from fig 4d; n seems small"
191,NA,"1/1","LM/GLM","visits/hour/adult","rate","Gaussian/Poisson","FALSE","greater ani Crotophaga major","video","mean 14.5 (sd 3, range 12-21)",14.5,FALSE,1.37,0.3109126,TRUE,2,"visits/hour/adult",1,5,TRUE,"hours of recording not continuous, but aggregated; adults not seperated, but 'visits per adult' was calculated (same issue as visits/chick)"
195,1,"1","LMM","visits/hour","rate","Gaussian","FALSE","black-legged kittiwake Rissa tridactyla","direct","3",3,TRUE,0.8,0.388713,TRUE,2,"visits/hour",1,NA,FALSE,"chick visit rate"
195,1,"1","LMM","visits/hour","rate","Gaussian","FALSE","black-legged kittiwake Rissa tridactyla","direct","3",3,TRUE,1.691561,NA,TRUE,8,"visits/hour",1,NA,FALSE,"brood visits rate; se on log scale presented, so not used"
201,NA,"1","LMM","visits/hour","rate","Gaussian","FALSE","Yellow Warbler Setophaga petechia","video","1",1,TRUE,8.892109,4.79942,TRUE,2,"visits/hour",1,NA,FALSE,"extracted from fig 3"
215,1,"3","LM","visits/hour","rate","Gaussian","FALSE","Great Blue Heron Ardea herodias","direct","6-9 hours",7.5,FALSE,0.4023879,0.458509,TRUE,8,"visits/hour",1,NA,FALSE,"pooled; extracted from fig 3; probably the averages of many averages presented"
215,NA,"2","LM","visits/hour","rate","Gaussian","FALSE","Great Blue Heron Ardea herodias","direct","6-9 hours",7.5,FALSE,0.33825,0.431052,TRUE,4,"visits/hour",1,NA,FALSE,"IN"
215,NA,"2","LM","visits/hour","rate","Gaussian","FALSE","Great Blue Heron Ardea herodias","direct","6-9 hours",7.5,FALSE,0.4711071,0.480582,TRUE,4,"visits/hour",1,NA,FALSE,"CO"
245,NA,"1","LM","visits/hour","rate","Gaussian","FALSE","Horned Lark (Eremophila alpestris)","video","4",4,TRUE,4.235,3.205177,TRUE,2,"visits/hour",1,NA,FALSE,"pooled sexes; assume that SD is pesented and not SE, as an SD of 33 with mean of 4 would be impossible!!"
279,NA,"4","LM","visits/hour/chick","rate","Gaussian","FALSE","Common terns (Sterna hirundo) / Roseate terns (Sterna dougallii)","direct","1",1,TRUE,0.5476375,0.380685,TRUE,2,"visits/hour/chick",1,2.592105,TRUE,"extract from fig A4"
282,NA,"2","LMM","visits/hour","rate","Gaussian","FALSE","yellow warbler Setophaga petechia","video","~1.5",1.5,FALSE,4.731161,NA,TRUE,3,"visits/hour",1,NA,FALSE,"femalePR; extracted from fig 1; not sure how errors calculated so not used"
282,NA,"2","LMM","visits/hour","rate","Gaussian","FALSE","yellow warbler Setophaga petechia","video","~1.5",1.5,FALSE,5.429291,NA,TRUE,3,"visits/hour",1,NA,FALSE,"male PR; extracted from fig 1; not sure how errors calculated so not used"
282,NA,"1","LMM","visits/hour","rate","Gaussian","FALSE","yellow warbler Setophaga petechia","video","~1.5",1.5,FALSE,5.080226,NA,TRUE,6,"visits/hour",1,NA,FALSE,"both sexes PR; extracted from fig 1; not sure how errors calculated so not used"
288,NA,"1","LM","visits/hour/chick","rate","Gaussian","FALSE","Rock sparrow, Petronia petronia","mixed direct + video","3.17 ± 0.99",3.17,FALSE,1.553333,0.529629,TRUE,2,"visits/hour/chick",1,5.025,TRUE,"biparental total PR"
288,2,"1","LM","visits/hour/chick","rate","Gaussian","FALSE","Rock sparrow, Petronia petronia","mixed direct + video","3.17 ± 0.99",3.17,FALSE,1.035641,0.480558,TRUE,2,"visits/hour/chick",1,5.025,TRUE,"biparental female PR"
288,2,"1","LM","visits/hour/chick","rate","Gaussian","FALSE","Rock sparrow, Petronia petronia","mixed direct + video","3.17 ± 0.99",3.17,FALSE,0.5407692,0.399044,TRUE,2,"visits/hour/chick",1,5.025,TRUE,"biparental male PR"
288,NA,"1","LM","visits/hour/chick","rate","Gaussian","FALSE","Rock sparrow, Petronia petronia","mixed direct + video","3.17 ± 0.100",3.17,FALSE,1.013529,0.497686,TRUE,2,"visits/hour/chick",1,4.29,TRUE,"all females PR"
288,NA,"1","LM","visits/hour/chick","rate","Gaussian","FALSE","Rock sparrow, Petronia petronia","mixed direct + video","3.17 ± 0.101",3.17,FALSE,0.785,0.503261,TRUE,2,"visits/hour/chick",1,5.025,TRUE,"both sex biparental PR"
