"Ref","Scientific_Name","Common_Name","N_Predictor","N_Response","N_Analysis","Variable","Variable_Category","Error_Distribution","Data_Available","Observation_Method","Mean_Observation_Period_hours","Single_Observation_Period?","Pooled_Estimates?","N_Pooled_Groups","Estimate_Units","Estimate_Units_hours","Per_Chick","Mean_N_Chicks","Mean_Rate","SD_Rate","Adjusted_Mean_Rate","Adjusted_SD_Rate","Expexted_CV","Proportion_Expected_V","Notes"
5,"Merops apiaster","Bee-eater",NA,"1",1,"visits","number","Negative_Binomial","FALSE","video",0.5,TRUE,TRUE,2,"visits/30min",0.5,FALSE,NA,9.539766,9.10082,9.539766,9.10082,0.897367412311194,0.884820106535165,"extracted from fig 2a"
5,"Merops apiaster","Bee-eater",NA,"1",1,"visits","number","Negative_Binomial","FALSE","video",0.5,TRUE,TRUE,2,"visits/30min",0.5,FALSE,NA,11.05793,9.48867,11.05793,9.48867,0.803667272436277,0.877181680514315,"extracted from fig 2b; assumed sample size divded equally between week and weekend days"
10,"Uria lomvia","Thick-billed Murre",NA,"1",1,"visits/time","rate","Gaussian","FALSE","automated",73.1,FALSE,TRUE,3,"visits/day",24,FALSE,NA,1.552475,1.002357,4.72858010416667,3.0530123625,0.453194449589238,0.492689764422767,NA
11,"Uria lomvia / Uria aalge","Thick-billed Murre / Common Guillemot",NA,"1",1,"visits/time","rate","Gaussian","FALSE","automated",18,TRUE,TRUE,2,"visits/hour",1,FALSE,NA,0.2100435,0.1009065,3.780783,1.816317,0,0,NA
19,"Setophaga cerulea","Cerulean Warbler",NA,"1/1",2,"visits/time","rate","Gaussian/Negative_Binomial","FALSE","video",0.7592593,FALSE,FALSE,NA,"visits/30min",0.5,FALSE,NA,4.31,1.766692,6.544815166,2.6827546624712,0.123408596978163,0.090640790650682,NA
22,"Cyanistes caeruleus","Blue Tit",NA,"1",1,"visits","number","Poisson","FALSE","video",8,FALSE,FALSE,NA,"visits/hour",1,FALSE,NA,1.84,1.89,14.72,15.12,0.993554963264919,0.935612104924274,"incubation feeding"
24,"Melanerpes formicivorus","Acorn Woodpecker",NA,"2",2,"visits/time","rate","Gaussian","FALSE","direct",3,FALSE,NA,NA,"visits/hour",1,FALSE,NA,NA,NA,NA,NA,NA,NA,"data not presented"
27,"Sitta europaea","Nuthatch",NA,"1",1,"visits/time","rate","non-parametric","FALSE","video",1.5,FALSE,NA,NA,"visits/hour",1,FALSE,NA,NA,NA,NA,NA,NA,NA,"male PR; data not presented"
27,"Sitta europaea","Nuthatch",NA,"2",2,"visits/time","rate","non-parametric","FALSE","video",1.5,FALSE,NA,NA,"visits/hour",1,FALSE,NA,NA,NA,NA,NA,NA,NA,"female PR; data not presented"
27,"Sitta europaea","Nuthatch",NA,"1",1,"visits/time","rate","non-parametric","FALSE","video",1.5,FALSE,TRUE,2,"visits/hour",1,FALSE,NA,0.4295292,0.7488425,0.6442938,1.12326375,1.21957660781056,0.489353375940471,"incubation feeding extracted from fig 1, no chick feeding data presented"
28,"Passer domesticus","House Sparrow",NA,"1",1,"visits/time","rate","Poisson","TRUE; but embargoed","video",1.5,TRUE,FALSE,NA,"visits/hour",1,FALSE,NA,7.84597,NA,11.768955,NA,NA,NA,"exp model intercept used; data embargoed on dryad"
29,"Tarsiger cyanurus","Red-flanked Bluetail",NA,"1",1,"visits","number","Poisson","FALSE","video",1,TRUE,TRUE,3,"visits/hour",1,FALSE,NA,16.465686,7.069834,16.465686,7.069834,0.351602437733773,0.670571327759405,"I THINK that they watched nests multiply for an hour at a time, and analyse number of feeds during that hour, but not completely clear"
33,"Cyanapica cyana","Azure-winged Magpie",NA,"1",1,"visits/time","rate","Gaussian","TRUE, but incomprehensable","video",NA,NA,FALSE,NA,"visits/hour",1,FALSE,NA,1.15,0.6734983,NA,NA,NA,NA,"incubation feeding; unsure of data collection"
33,"Cyanapica cyana","Azure-winged Magpie",NA,"1",1,"visits/time","rate","Gaussian","TRUE, but incomprehensable","video",NA,NA,FALSE,NA,"visits/hour",1,FALSE,NA,1.522042,1.26366,NA,NA,NA,NA,"extracted from fig 2"
35,"Spheniscus magellanicus","Magellanic Penguin",NA,"1",1,"visits/time","rate","non-parametric","FALSE","automated",720,TRUE,TRUE,3,"visits/day",24,FALSE,NA,0.64,0.318509,19.2,9.55527,0.442258303043046,0.789711607018348,"males, early chick"
35,"Spheniscus magellanicus","Magellanic Penguin",NA,"1",1,"visits/time","rate","non-parametric","FALSE","automated",720,TRUE,TRUE,3,"visits/day",24,FALSE,NA,0.6709677,0.339798,20.129031,10.19394,0.454743438109181,0.806295940434936,"females, early chick"
35,"Spheniscus magellanicus","Magellanic Penguin",NA,"1",1,"visits/time","rate","non-parametric","FALSE","automated",720,TRUE,TRUE,2,"visits/day",24,FALSE,NA,0.7285714,0.180673,21.857142,5.42019,0.125473956103714,0.256014703604741,"Total time assumed; males, late chick"
35,"Spheniscus magellanicus","Magellanic Penguin",NA,"1",1,"visits/time","rate","non-parametric","FALSE","automated",720,TRUE,TRUE,2,"visits/day",24,FALSE,NA,0.7272727,0.181742,21.818181,5.45226,0.128896491822129,0.266051774406304,"Total time assumed; females, late chick"
37,"Hirundo rustica","Barn Swallow",NA,"3",3,"visits","number","Poisson","FALSE","video",11.5,TRUE,FALSE,NA,"visits/90min",1.5,FALSE,NA,20.69,12.35,158.623333333333,94.6833333333333,0.591602389703104,0.982306245621637,"analysed sexes seperately, but present mean and sd of total visits"
38,"Pomatostomus ruficeps","Chestnut-crowned Babbler",NA,"1",1,"visits/time/chick","rate","Gaussian","FALSE","automated",11.5,FALSE,NA,NA,"visits/hour/chick",1,TRUE,NA,NA,NA,NA,NA,NA,NA,"per chick data available, but not extracted"
38,"Pomatostomus ruficeps","Chestnut-crowned Babbler",NA,"1",1,"visits/time/chick","rate","Gaussian","FALSE","automated",11.5,FALSE,NA,NA,"visits/hour/chick",1,TRUE,NA,NA,NA,NA,NA,NA,NA,"per chick data available, but not extracted"
38,"Pomatostomus ruficeps","Chestnut-crowned Babbler",NA,"1",1,"visits/time","rate","Gaussian","FALSE","automated",11.5,FALSE,TRUE,2,"visits/hour",1,FALSE,NA,11.1,6.418454,127.65,73.812221,0.571425003696494,0.976570432468256,"carer removal"
38,"Pomatostomus ruficeps","Chestnut-crowned Babbler",NA,"1",1,"visits/time","rate","Gaussian","FALSE","automated",11.5,FALSE,TRUE,2,"visits/hour",1,FALSE,NA,14.8,8.581575,170.2,98.6881125,0.574747351991854,0.982524489546244,"brood size manipulation"
40,"Lanius bucephalus","Bull-headed Shrike",4,NA,4,"NA",NA,NA,"FALSE","video",4.5,TRUE,TRUE,2,"visits/hour",1,FALSE,NA,4.5,1.636282,20.25,7.363269,0.287811562454789,0.626505944399252,"incubation feeding"
42,"Sapayoa aenigma","Sapayoa",NA,"1",1,"visits/time","rate","Gaussian","FALSE","video",3,FALSE,FALSE,NA,"visits/hour",1,FALSE,NA,1.066575,0.7753294,3.199725,2.3259882,0.464656720203961,0.408577775844956,"extracted from figure 4b"
42,"Sapayoa aenigma","Sapayoa",NA,"1",1,"visits/time","rate","Gaussian","FALSE","video",3,FALSE,FALSE,NA,"visits/hour",1,FALSE,NA,1.054039,0.6122655,3.162117,1.8367965,0.145508039441562,0.0627491376739347,"extracted from figure 4c"
43,"Sporophila beltoni","Tropeiro Seedeater",NA,"1",1,"visits/time","rate","non-parametric","FALSE","mixed direct + video",3.75,FALSE,TRUE,2,"visits/hour",1,FALSE,NA,2.848956,2.14602,10.683585,8.047575,0.688336570103393,0.83503684882924,"sexes, age1; extracted from figure 3c"
43,"Sporophila beltoni","Tropeiro Seedeater",NA,"1",1,"visits/time","rate","non-parametric","FALSE","mixed direct + video",3.75,FALSE,TRUE,2,"visits/hour",1,FALSE,NA,5.254514,3.78144,19.7044275,14.1804,0.683486686516355,0.902008849187126,"sexes, age2; extracted from figure 3c"
43,"Sporophila beltoni","Tropeiro Seedeater",NA,"1",1,"visits/time","rate","non-parametric","FALSE","mixed direct + video",3.75,FALSE,TRUE,2,"visits/hour",1,FALSE,NA,6.418853,5.58763,24.07069875,20.9536125,0.846304302020267,0.945175979482454,"sexes, age3; extracted from figure 3c"
43,"Sporophila beltoni","Tropeiro Seedeater",NA,"1",1,"visits/time","rate","non-parametric","FALSE","mixed direct + video",3.75,FALSE,TRUE,2,"visits/hour",1,FALSE,NA,5.908713,3.84237,22.15767375,14.4088875,0.61460919045675,0.893275712907145,"females, age 1 vs. 2; extracted from figure 3c"
43,"Sporophila beltoni","Tropeiro Seedeater",NA,"1",1,"visits/time","rate","non-parametric","FALSE","mixed direct + video",3.75,FALSE,TRUE,2,"visits/hour",1,FALSE,NA,5.341252,4.36377,20.029695,16.3641375,0.785845447641025,0.925202325409202,"females, age 1 vs. 3; extracted from figure 3c"
43,"Sporophila beltoni","Tropeiro Seedeater",NA,"1",1,"visits/time","rate","non-parametric","FALSE","mixed direct + video",3.75,FALSE,TRUE,2,"visits/hour",1,FALSE,NA,6.973978,4.8685,26.1524175,18.256875,0.670148798382793,0.921538075429533,"females, age 2 vs. 3; extracted from figure 3c"
43,"Sporophila beltoni","Tropeiro Seedeater",NA,"1",1,"visits/time","rate","non-parametric","FALSE","mixed direct + video",3.75,FALSE,TRUE,2,"visits/hour",1,FALSE,NA,2.595684,1.72776,9.733815,6.4791,0.583374680790548,0.768125109527325,"males, age 1 vs. 2; extracted from figure 3c"
43,"Sporophila beltoni","Tropeiro Seedeater",NA,"1",1,"visits/time","rate","non-parametric","FALSE","mixed direct + video",3.75,FALSE,TRUE,2,"visits/hour",1,FALSE,NA,3.529901,4.32343,13.23712875,16.2128625,1.19356398699617,0.949641313490121,"males, age 1 vs. 3; extracted from figure 3c"
43,"Sporophila beltoni","Tropeiro Seedeater",NA,"1",1,"visits/time","rate","non-parametric","FALSE","mixed direct + video",3.75,FALSE,TRUE,2,"visits/hour",1,FALSE,NA,4.381843,3.70628,16.43191125,13.89855,0.809052339789565,0.914935355173208,"males, age 2 vs. 3; extracted from figure 3c"
54,"Agelaius phoeniceus","Red-winged Blackbird",NA,"1",1,"visits/time/chick","rate","Gaussian","FALSE","direct",0.5,TRUE,TRUE,6,"visits/30mins/chick",0.5,TRUE,3,1.517222,0.399584,4.551666,NA,NA,NA,NA
55,"Haliaeetus leucocephalus","Bald Eagle",NA,"2",2,"visits/time/chick","rate","Gaussian","FALSE","video",24,TRUE,NA,NA,NA,NA,NA,NA,NA,NA,NA,NA,NA,NA,NA
55,"Haliaeetus leucocephalus","Bald Eagle",NA,"2",2,"visits/time","rate","Gaussian","FALSE","video",24,TRUE,FALSE,NA,"visits/day",24,FALSE,NA,2.64,NA,2.64,NA,NA,NA,"mean of means; sd not used as sd of 4 means"
67,"Cyanistes caeruleus","Blue Tit",NA,"1",1,"visits/time","rate","Gaussian","FALSE","video",1.5,FALSE,TRUE,2,"visits/min",0.01666667,FALSE,NA,0.58,0.244971,52.1999895600021,22.0473855905229,0.399041453699624,0.892611884579091,NA
69,"Cyanistes caeruleus","Blue Tit",NA,"2",2,"visits/time","rate","Gaussian","FALSE","video",2,TRUE,FALSE,NA,"visits/min",0.01666667,FALSE,NA,0.4367205,0.1893488,52.4064495187101,22.7218514556297,0.410975803695196,0.898492693223309,"PR; extracted from fig1a"
69,"Cyanistes caeruleus","Blue Tit",NA,"2",2,"visits/time","rate","Gaussian","FALSE","video",2,TRUE,FALSE,NA,"visits/min",0.01666667,FALSE,NA,0.4186535,0.189167,50.238409952318,22.7000354599929,0.429255069615777,0.902504894338302,"partner PR; extracted from fig1c"
70,"Pomatostomus ruficeps","Chestnut-crowned Babbler",1,"1",2,"visits/time","rate","Gaussian","FALSE","automated",10,FALSE,NA,NA,"visits/hour",1,FALSE,NA,NA,NA,NA,NA,NA,NA,"exp vs. control; individual"
70,"Pomatostomus ruficeps","Chestnut-crowned Babbler",NA,"1",1,"visits/time","rate","Gaussian","FALSE","automated",10,FALSE,FALSE,NA,"visits/hour",1,FALSE,NA,6.731265,2.588481,67.31265,25.88481,0.364718485967484,0.899536865232458,"control; brood"
70,"Pomatostomus ruficeps","Chestnut-crowned Babbler",NA,"1",1,"visits/time/chick","rate","Gaussian","FALSE","automated",10,FALSE,FALSE,NA,"visits/hour/chick",1,TRUE,NA,2.29609,1.023478,NA,NA,NA,NA,"control; per chick"
70,"Pomatostomus ruficeps","Chestnut-crowned Babbler",NA,"1",1,"visits/time","rate","Gaussian","FALSE","automated",10,FALSE,FALSE,NA,"visits/hour",1,FALSE,NA,3.1,2,31,20,0.619657184267695,0.9225,"control; individual"
70,"Pomatostomus ruficeps","Chestnut-crowned Babbler",NA,"1",1,"visits/time","rate","Gaussian","FALSE","automated",10,FALSE,TRUE,2,"visits/hour",1,FALSE,NA,9.915254,4.68268,99.15254,46.8268,0.461469140604596,0.954781632081049,"exp vs. control; brood"
70,"Pomatostomus ruficeps","Chestnut-crowned Babbler",NA,"1",1,"visits/time/chick","rate","Gaussian","FALSE","automated",10,FALSE,TRUE,2,"visits/hour/chick",1,TRUE,NA,3.306311,1.53848,NA,NA,NA,NA,"exp vs. control; per chick"
73,"Sturnus vulgaris","European Starling",NA,"1",1,"visits/time/chick","rate","Gaussian","FALSE","direct",0.5,TRUE,NA,NA,NA,NA,NA,NA,NA,NA,NA,NA,NA,NA,"Male; single vs. double brooders"
73,"Sturnus vulgaris","European Starling",NA,"1",1,"visits/time/chick","rate","Gaussian","FALSE","direct",0.5,TRUE,NA,NA,NA,NA,NA,NA,NA,NA,NA,NA,NA,NA,"Male; successful single vs. double brooders"
73,"Sturnus vulgaris","European Starling",NA,"1",1,"visits/time/chick","rate","Gaussian","FALSE","direct",0.5,TRUE,NA,NA,NA,NA,NA,NA,NA,NA,NA,NA,NA,NA,"Male; successful vs. failed double brooders"
73,"Sturnus vulgaris","European Starling",NA,"1",1,"visits/time/chick","rate","Gaussian","FALSE","direct",0.5,TRUE,NA,NA,NA,NA,NA,NA,NA,NA,NA,NA,NA,NA,"Total; single vs. double brooders"
73,"Sturnus vulgaris","European Starling",NA,"1",1,"visits/time/chick","rate","Gaussian","FALSE","direct",0.5,TRUE,NA,NA,NA,NA,NA,NA,NA,NA,NA,NA,NA,NA,"Total; successful single vs. double brooders"
73,"Sturnus vulgaris","European Starling",NA,"1",1,"visits/time/chick","rate","Gaussian","FALSE","direct",0.5,TRUE,NA,NA,NA,NA,NA,NA,NA,NA,NA,NA,NA,NA,"Total; successful vs. failed double brooders"
73,"Sturnus vulgaris","European Starling",NA,"1",1,"visits/time/chick","rate","Gaussian","FALSE","direct",0.5,TRUE,TRUE,2,"visits/30mins/chick",0.5,TRUE,5.3,0.911627,0.599711,4.8316231,NA,NA,NA,"Female; single vs. double brooders"
73,"Sturnus vulgaris","European Starling",NA,"1",1,"visits/time/chick","rate","Gaussian","FALSE","direct",0.5,TRUE,TRUE,2,"visits/30mins/chick",0.5,TRUE,5.3,0.9455307,0.615795,5.01131271,NA,NA,NA,"Female; successful single vs. double brooders"
73,"Sturnus vulgaris","European Starling",NA,"1",1,"visits/time/chick","rate","Gaussian","FALSE","direct",0.5,TRUE,TRUE,2,"visits/30mins/chick",0.5,TRUE,5.3,1.06092,0.650882,5.622876,NA,NA,NA,"Female; successful vs. failed double brooders"
75,"Malurus melanicephalus","Red-backed Fairywren",NA,"1",1,"visits","number","non-parametric","FALSE","direct",1,TRUE,TRUE,2,"visits/hour",1,FALSE,NA,1.342,1.768347,1.342,1.768347,0.995572317280274,0.570841680625374,"no group sample sizes presented (totalN = 25, split evenly between groups)"
76,"Sialia sialis","Eastern Bluebird",NA,"2",2,"visits/chick","rate","Gaussian","FALSE","video",2,TRUE,NA,NA,NA,NA,NA,NA,NA,NA,NA,NA,NA,NA,"rates not presented"
76,"Sialia sialis","Eastern Bluebird",NA,"2",2,"visits/chick","rate","Gaussian","FALSE","video",2,TRUE,NA,NA,NA,NA,NA,NA,NA,NA,NA,NA,NA,NA,"rates not presented"
85,"Hymenops perspicillatus","Spectacled Tyrant",NA,"1",1,"visits/time/chick","rate","non-parametric","FALSE","video",4,TRUE,TRUE,4,"visits/hour/chick",1,TRUE,NA,6.283427,3.66674,NA,NA,NA,NA,"extracted from fig 3"
86,"Eudyptes chrysocome","Rockhopper Penguin",1,"6",7,"visits/time","rate","Gaussian","FALSE","automated",332.18571,FALSE,TRUE,2,"visits/day",24,FALSE,NA,0.7039286,0.2361254,9.74312590751275,3.26822848533475,0.0994139747151907,0.0878348135220628,"Female Creche PR"
86,"Eudyptes chrysocome","Rockhopper Penguin",NA,"1",1,"visits/time","rate","non-parametric","FALSE","automated",550.48421,FALSE,TRUE,2,"visits/day",24,FALSE,NA,0.8489474,0.1492084,19.4721724508564,3.42236950830683,0,0,"Female Guard PR"
86,"Eudyptes chrysocome","Rockhopper Penguin",1,"2",3,"visits/time","rate","non-parametric","FALSE","automated",332.18571,FALSE,TRUE,2,"visits/day",24,FALSE,NA,0.3532143,0.2796628,4.88886429281887,3.8708327407745,0.649881288533146,0.673713451061645,"Male Creche PR"
86,"Eudyptes chrysocome","Rockhopper Penguin",1,"1",2,"visits/time","rate","non-parametric","FALSE","automated",332.18571,FALSE,TRUE,2,"visits/day",24,FALSE,NA,1.0571429,0.4304281,14.6319902003316,5.95758600010212,0.312149398385292,0.587748009689165,"Total Creche PR"
87,"Ficedula hypoleuca","Pied Flycatcher",NA,"1",1,"visits","number","Gaussian","TRUE","automated",1,TRUE,FALSE,NA,"visits/hour",1,FALSE,NA,32.52306,12.84405,32.52306,12.84405,0.35385793745546,0.802854247220495,"all obs; extracted from SM"
87,"Ficedula hypoleuca","Pied Flycatcher",NA,"1",1,"visits","number","Gaussian","TRUE","automated",1,TRUE,FALSE,NA,"visits/hour",1,FALSE,NA,32.45312,14.72213,32.45312,14.72213,0.418304043863296,0.850267816105905,"focal; extracted from SM"
87,"Ficedula hypoleuca","Pied Flycatcher",NA,"2",2,"visits","number","Gaussian","TRUE","automated",1,TRUE,FALSE,NA,"visits/hour",1,FALSE,NA,32.59724,10.53279,32.59724,10.53279,0.271529910048506,0.706171458640098,"neighbour; extracted from SM"
87,"Ficedula hypoleuca","Pied Flycatcher",NA,"1",1,"visits","number","Gaussian","TRUE","automated",0.1666667,TRUE,FALSE,NA,"visits/min",0.01666667,FALSE,NA,0.499,0.2788603,4.99,2.788603,0.334513703363016,0.358307201877153,"pooled during; extracted from SM; time period a bit unclear - median 10 mins?"
87,"Ficedula hypoleuca","Pied Flycatcher",NA,"2",2,"visits","number","Gaussian","TRUE","automated",0.1666667,TRUE,FALSE,NA,"visits/min",0.01666667,FALSE,NA,0.383,0.1876475,3.83,1.876475,0,0,"neighbour during; extracted from SM; time period a bit unclear - median 10 mins?"
92,"Turdoides squamiceps","Arabian Babbler",NA,"1",1,"visits/time","rate","Gaussian","FALSE","direct",2,TRUE,TRUE,2,"visits/hour",1,FALSE,NA,12.28815,4.56202,24.5763,9.12404,0.311672316042218,0.704782472490785,"delta1,2; extracted from fig1"
92,"Turdoides squamiceps","Arabian Babbler",NA,"1",1,"visits/time","rate","Gaussian","FALSE","direct",2,TRUE,TRUE,2,"visits/hour",1,FALSE,NA,13.37163,3.53854,26.74326,7.07708,0.180656186135921,0.466043181504431,"delta2,3; extracted from fig1"
94,"Aegithalos caudatus","Long-tailed Tit",2,"1",3,"visits/time","rate","Gaussian","FALSE","direct",0.87,FALSE,FALSE,NA,"visits/hour",1,FALSE,NA,20,NA,17.4,NA,NA,NA,"mean IVI - 6, so rate of two birds = 20 visits per hour"
96,"Sayornis phoebe","Eastern Phoebe",NA,"1",1,"visits/time/chick","rate","Gaussian","FALSE","video",2,TRUE,FALSE,NA,"visits/hour/chick",1,TRUE,4.3,9.689286,6.06213,83.3278596,NA,NA,NA,NA
97,"Xolmis pyrope","Fire-eyed Diucon",NA,"2",2,"visits/time/chick","rate","Gaussian","FALSE","video",1,TRUE,FALSE,NA,"visits/hour",1,FALSE,3,13.35316,7.102973,13.35316,7.102973,0.456139237138738,0.735330604668439,"extracted from fig. 1c; one nest 3 chicks so visits/hour calculated"
100,"Dendrocopos syriacus","Syrian Woodpecker",NA,"2",2,"visits/time","rate","non-parametric","FALSE","mixed direct + video",2,TRUE,FALSE,NA,"visits/hour",1,FALSE,NA,7.818182,2.040499,15.636364,4.080998,0.0645322270735022,0.0611353054563541,"total; extracted from fig2"
100,"Dendrocopos syriacus","Syrian Woodpecker",NA,"1",1,"visits/time","rate","non-parametric","FALSE","mixed direct + video",2,TRUE,FALSE,NA,"visits/hour",1,FALSE,NA,3.909091,0.8312094,7.818182,1.6624188,0,0,"females; extracted from fig2"
100,"Dendrocopos syriacus","Syrian Woodpecker",NA,"1",1,"visits/time","rate","non-parametric","FALSE","mixed direct + video",2,TRUE,FALSE,NA,"visits/hour",1,FALSE,NA,4.272727,1.793929,8.545454,3.587858,0.243428771746079,0.336158118711962,"males; extracted from fig2"
100,"Dendrocopos syriacus","Syrian Woodpecker",NA,"7",7,"visits/time/chick","rate","non-parametric","FALSE","mixed direct + video",2,TRUE,NA,NA,NA,NA,TRUE,NA,NA,NA,NA,NA,NA,NA,"total per chick; data not extracted"
100,"Dendrocopos syriacus","Syrian Woodpecker",NA,"2",2,"visits/time/chick","rate","non-parametric","FALSE","mixed direct + video",2,TRUE,NA,NA,NA,NA,TRUE,NA,NA,NA,NA,NA,NA,NA,"female per chick; data not extracted"
100,"Dendrocopos syriacus","Syrian Woodpecker",NA,"2",2,"visits/time/chick","rate","non-parametric","FALSE","mixed direct + video",2,TRUE,NA,NA,NA,NA,TRUE,NA,NA,NA,NA,NA,NA,NA,"male per chick; data not extracted"
101,"Sturnus vulgaris","European Starling",NA,"2",2,"visits/time/chick","rate","Gaussian","TRUE","direct",0.5,TRUE,FALSE,NA,"visits/30mins",0.5,FALSE,NA,2.807083,1.262125,2.807083,1.262125,0,0,"table3; extracted from SM; analysed as per chick,"
101,"Sturnus vulgaris","European Starling",NA,"2",2,"visits/time/chick","rate","Gaussian","TRUE","direct",0.5,TRUE,FALSE,NA,"visits/30mins",0.5,FALSE,NA,2.437391,1.786564,2.437391,1.786564,0.356353781845912,0.236361095178891,"table4; extracted from SM; analysed as per chick,"
101,"Sturnus vulgaris","European Starling",NA,"1",1,"visits/time/chick","rate","Gaussian","TRUE","direct",0.5,TRUE,FALSE,NA,"visits/30mins",0.5,FALSE,NA,3.438125,1.417832,3.438125,1.417832,0,0,"table5; extracted from SM; analysed as per chick,"
101,"Sturnus vulgaris","European Starling",NA,"1",1,"visits/time/chick","rate","Gaussian","TRUE","direct",0.5,TRUE,FALSE,NA,"visits/30mins",0.5,FALSE,NA,1.827813,1.27047,1.827813,1.27047,0,0,"table5; extracted from SM; analysed as per chick,"
101,"Sturnus vulgaris","European Starling",NA,"1",1,"visits/time/chick","rate","Gaussian","TRUE","direct",0.5,TRUE,FALSE,NA,"visits/30mins",0.5,FALSE,NA,5.95875,2.499887,5.95875,2.499887,0.0904807424306333,0.0465138067961449,"table5; extracted from SM; analysed as per chick,"
101,"Sturnus vulgaris","European Starling",NA,"1",1,"visits/time/chick","rate","Gaussian","TRUE","direct",0.5,TRUE,FALSE,NA,"visits/30mins",0.5,FALSE,NA,2.317619,1.837908,2.317619,1.837908,0.444293171166576,0.313888803913992,"table6; extracted from SM; analysed as per chick,"
101,"Sturnus vulgaris","European Starling",NA,"1",1,"visits/time/chick","rate","Gaussian","TRUE","direct",0.5,TRUE,FALSE,NA,"visits/30mins",0.5,FALSE,NA,1.535476,1.835235,1.535476,1.835235,0.881641798267222,0.544110419453777,"table6; extracted from SM; analysed as per chick,"
101,"Sturnus vulgaris","European Starling",NA,"1",1,"visits/time/chick","rate","Gaussian","TRUE","direct",0.5,TRUE,FALSE,NA,"visits/30mins",0.5,FALSE,NA,5.92619,3.01942,5.92619,3.01942,0.301417109334511,0.349977310115832,"table6; extracted from SM; analysed as per chick,"
101,"Sturnus vulgaris","European Starling",NA,"1",1,"visits/time/chick","rate","Gaussian","TRUE","direct",0.5,TRUE,FALSE,NA,"visits/30mins",0.5,FALSE,NA,2.1925,1.733561,2.1925,1.733561,0.411182424431586,0.270439443597493,"table6; extracted from SM; analysed as per chick,"
101,"Sturnus vulgaris","European Starling",NA,"1",1,"visits/time/chick","rate","Gaussian","TRUE","direct",0.5,TRUE,FALSE,NA,"visits/30mins",0.5,FALSE,NA,1.458125,1.122819,1.458125,1.122819,0,0,"table6; extracted from SM; analysed as per chick,"
101,"Sturnus vulgaris","European Starling",NA,"1",1,"visits/time/chick","rate","Gaussian","TRUE","direct",0.5,TRUE,FALSE,NA,"visits/30mins",0.5,FALSE,NA,4.84375,2.59306,4.84375,2.59306,0.283088011709481,0.279628391283231,"table6; extracted from SM; analysed as per chick,"
102,"Frederickena unduliger","Undulated Antshrike",NA,"1",1,"visits/time","rate","Gaussian","FALSE","automated",12,TRUE,FALSE,2,"visits/hour",1,FALSE,NA,1.9,0.5,22.8,6,0.15935001863671,0.366666666666667,"from degrees of freedom, guess that they calcaulte one rate per day per sex; days are 12 hours long, 13 days"
105,"Cyanistes caeruleus","Blue Tit",NA,"1",1,"visits","number","Gaussian","FALSE","video",1,TRUE,TRUE,2,"visits/hour",1,FALSE,NA,22.89,11.3486,22.89,11.3486,0.449576568096014,0.82226980599496,"females"
105,"Cyanistes caeruleus","Blue Tit",NA,"1",1,"visits","number","Gaussian","FALSE","video",1,TRUE,TRUE,2,"visits/hour",1,FALSE,NA,27.725,11.6557,27.725,11.6557,0.375061282612014,0.795922637329918,"males"
105,"Cyanistes caeruleus","Blue Tit",NA,"1",1,"visits","number","Gaussian","FALSE","video",1,TRUE,TRUE,2,"visits/hour",1,FALSE,NA,50.61,17.8666,50.61,17.8666,0.323832944541693,0.841455015315866,"total"
114,"Cyanistes caeruleus","Blue Tit",NA,"1",1,"visits/time","rate","Gaussian","TRUE","video",2,TRUE,FALSE,NA,"visits/min",0.01666666667,FALSE,NA,0.4004673,0.2018617,48.0560759903888,24.2234039951553,0.48298331203857,0.91810112031465,"data from SM"
120,"Sterna paradisaea / Sterna hirundo","Arctic Tern / Common Tern",2,"1",3,"visits/time/chick","rate","Gaussian","FALSE","direct",3,TRUE,FALSE,NA,"visits/hour",1,FALSE,NA,3.16,0.8336666,9.48,2.5009998,0,0,"data presented not per chick, but analysed per chick"
124,"Tyrannus tyrannus","Eastern Kingbird",NA,"2",2,"visits/time","rate","Gaussian","FALSE","video",3,FALSE,FALSE,NA,"visits/hour",1,FALSE,NA,4.94,2.968,14.82,8.904,0.54175264862679,0.813070475609254,"males"
124,"Tyrannus tyrannus","Eastern Kingbird",NA,"1",1,"visits/time","rate","Gaussian","FALSE","video",3,FALSE,FALSE,NA,"visits/hour",1,FALSE,NA,5.35,2.149,16.05,6.447,0.314711500240851,0.61384674826121,"females"
124,"Tyrannus tyrannus","Eastern Kingbird",NA,"1",1,"visits/time","rate","Gaussian","FALSE","video",3,FALSE,TRUE,2,"visits/hour",1,FALSE,NA,5.145,2.5859,15.435,7.7577,0.433386010082889,0.743527578601354,"pooled"
126,"Cyanistes caeruleus","Blue Tit",NA,"1",1,"visits","number","Gaussian","FALSE","video",1,TRUE,TRUE,6,"visits/hour",1,FALSE,NA,26.04328,NA,26.04328,NA,NA,NA,"means taken from table S2"
126,"Parus major","Great Tit",NA,"1",1,"visits","number","Gaussian","FALSE","video",1,TRUE,TRUE,6,"visits/hour",1,FALSE,NA,15.1459,NA,15.1459,NA,NA,NA,"means taken from table S2"
131,"Uria aalge","Common Guillemot",NA,"1",1,"visits","number","Gaussian","FALSE","direct",20,FALSE,FALSE,NA,"visits/day",20,FALSE,NA,4.36,1.645357,4.36,1.645357,0,0,"not stated whether SD or SE assume SE"
136,"Manorina melanophrys","Bell Miner",NA,"1",1,"visits/time","rate","Gaussian","FALSE","mixed direct + video",NA,NA,NA,NA,"visits/hour",1,FALSE,NA,NA,NA,NA,NA,NA,NA,"rates and observation periods not presented"
137,"Tachycineta bicolor","Tree Swallow",NA,"1",1,"visits","number","Gaussian","FALSE","direct",1,TRUE,FALSE,NA,"visits/hour",1,FALSE,NA,5.919355,3.127343,5.919355,3.127343,0.331948699958641,0.394765948790774,"pooled sexes; extracted from fig 2"
137,"Tachycineta bicolor","Tree Swallow",1,"2",3,"visits","number","Gaussian","FALSE","direct",1,TRUE,FALSE,NA,"visits/hour",1,FALSE,NA,5.516129,3.031732,5.516129,3.031732,0.347544328737706,0.399859689681968,"females; extracted from fig 2"
137,"Tachycineta bicolor","Tree Swallow",1,"2",3,"visits","number","Gaussian","FALSE","direct",1,TRUE,FALSE,NA,"visits/hour",1,FALSE,NA,6.322581,3.218562,6.322581,3.218562,0.317768850500852,0.389661672942045,"males; extracted from fig 2"
137,"Tachycineta bicolor","Tree Swallow",NA,"1",1,"visits","number","Gaussian","FALSE","direct",1,TRUE,FALSE,NA,"visits/hour",1,FALSE,NA,6.941176,3.283948,6.941176,3.283948,0.282429436555208,0.356363724237594,"subset; extracted from fig 3c"
139,"Coracias garrulus","European Roller",NA,"3",3,"visits/time","rate","non-parametric","FALSE","video",1.5,FALSE,TRUE,4,"visits/hour",1,FALSE,NA,1.222949,1.4433,1.8344235,2.16495,0.920703283484468,0.608615282216463,"extracted from fig 1"
148,"Pseudopodoces humilis","Ground Tit",NA,"1",1,"visits/time","rate","Gaussian","FALSE","direct",2,FALSE,FALSE,NA,"visits/hour",1,FALSE,NA,5.75,5.388877,11.5,10.777754,0.889595312868087,0.900998606638611,"polyandrous females"
148,"Pseudopodoces humilis","Ground Tit",NA,"1",1,"visits/time","rate","Gaussian","FALSE","direct",2,FALSE,FALSE,NA,"visits/hour",1,FALSE,NA,7.16,6.034401,14.32,12.068802,0.800292679658958,0.901686152320202,"monogamous females"
148,"Pseudopodoces humilis","Ground Tit",NA,"1",1,"visits/time","rate","Gaussian","FALSE","direct",2,FALSE,FALSE,NA,"visits/hour",1,FALSE,NA,5.09,2.44949,10.18,4.89898,0.365179443714354,0.575833422415384,"cuckolded males"
148,"Pseudopodoces humilis","Ground Tit",NA,"1",1,"visits/time","rate","Gaussian","FALSE","direct",2,FALSE,FALSE,NA,"visits/hour",1,FALSE,NA,3.49,2.839718,6.98,5.679436,0.720275583538964,0.783606105698816,"noncuckolded males"
148,"Pseudopodoces humilis","Ground Tit",NA,"1",1,"visits/time","rate","Gaussian","FALSE","direct",2,FALSE,TRUE,2,"visits/hour",1,FALSE,NA,10.727288,2.926116,21.454576,5.852232,0.166718568776698,0.373563770241024,"Total PR"
148,"Pseudopodoces humilis","Ground Tit",NA,"1",1,"visits/time","rate","Gaussian","FALSE","direct",2,FALSE,TRUE,2,"visits/hour",1,FALSE,NA,6.586441,5.774948,13.172882,11.549896,0.832377999878205,0.901252830875501,"females"
148,"Pseudopodoces humilis","Ground Tit",NA,"1",1,"visits/time","rate","Gaussian","FALSE","direct",2,FALSE,TRUE,2,"visits/hour",1,FALSE,NA,4.140847,2.781167,8.281694,5.562334,0.574765004776593,0.732326699976967,"males"
150,"Passer domesticus","House Sparrow",2,NA,2,"NA",NA,NA,"FALSE","mixed direct + video",1.5,FALSE,NA,NA,"visits/hour",1,FALSE,NA,NA,NA,NA,NA,NA,NA,"father"
150,"Passer domesticus","House Sparrow",2,NA,2,"NA",NA,NA,"FALSE","mixed direct + video",1.5,FALSE,NA,NA,"visits/hour",1,FALSE,NA,NA,NA,NA,NA,NA,NA,"mother"
150,"Passer domesticus","House Sparrow",3,NA,3,"NA",NA,NA,"FALSE","mixed direct + video",1.5,FALSE,NA,NA,"visits/hour",1,FALSE,NA,NA,NA,NA,NA,NA,NA,"mid-parent"
150,"Passer domesticus","House Sparrow",NA,"3",3,"visits/time","rate","Gaussian","FALSE","mixed direct + video",1.5,FALSE,NA,NA,"visits/hour",1,FALSE,NA,NA,NA,NA,NA,NA,NA,"daughter"
150,"Passer domesticus","House Sparrow",NA,"3",3,"visits/time","rate","Gaussian","FALSE","mixed direct + video",1.5,FALSE,NA,NA,"visits/hour",1,FALSE,NA,NA,NA,NA,NA,NA,NA,"son"
150,"Passer domesticus","House Sparrow",NA,"1",1,"visits/time","rate","Gaussian","FALSE","mixed direct + video",1.5,FALSE,NA,NA,"visits/hour",1,FALSE,NA,NA,NA,NA,NA,NA,NA,"mid-offspring"
150,"Passer domesticus","House Sparrow",1,"1",2,"visits/time","rate","Gaussian","FALSE","mixed direct + video",1.5,FALSE,NA,NA,"visits/hour",1,FALSE,NA,NA,NA,NA,NA,NA,NA,"pedigree dataset; data not reported"
150,"Passer domesticus","House Sparrow",1,"1",2,"visits/time","rate","Gaussian","FALSE","mixed direct + video",1.5,FALSE,FALSE,NA,"visits/hour",1,FALSE,NA,11.4,8.827231,17.1,13.2408465,0.735587942304006,0.902464074630053,"whole dataset"
150,"Passer domesticus","House Sparrow",1,"1",2,"visits/time","rate","Gaussian","FALSE","mixed direct + video",1.5,FALSE,FALSE,NA,"visits/hour",1,FALSE,NA,10.8,8.827231,16.2,13.2408465,0.778659151890642,0.907597544386366,"heterozygocisty dataset"
151,"Plocepasser mahali","White-browed Sparrow-weaver",3,NA,3,"NA",NA,NA,"TRUE","video",3.1,FALSE,FALSE,NA,"visits/hour",1,FALSE,NA,2.438679,2.148434,7.5599049,6.6601454,0.802404956581748,0.829568874783238,"OS analysis; data from SM"
151,"Plocepasser mahali","White-browed Sparrow-weaver",1,NA,1,"NA",NA,NA,"TRUE","video",3.1,FALSE,FALSE,NA,"visits/hour",1,FALSE,NA,3.4627,3.809474,10.73437,11.8093694,1.05695862241579,0.92302970598997,"BM analysis; data from SM"
153,"Tachycineta bicolor","Tree Swallow",NA,"1",1,"visits","number","Gaussian","TRUE; but not direct obs","mixed direct + RFID",1,TRUE,FALSE,NA,"visits/hour",1,FALSE,NA,8.564726,4.068299,8.564726,4.068299,0.329959147253706,0.482526939058433,"females; extracted from fig 1; summary stats for data that came from direct observation (considered more accurate)"
153,"Tachycineta bicolor","Tree Swallow",NA,"1",1,"visits","number","Gaussian","TRUE; but not direct obs","mixed direct + RFID",1,TRUE,FALSE,NA,"visits/hour",1,FALSE,NA,5.938642,4.108431,5.938642,4.108431,0.556971144426431,0.648168151232981,"males; extracted from fig 1"
160,"Tachycineta bicolor","Tree Swallow",NA,"1",1,"visits","number","Gaussian","FALSE","video",1,TRUE,TRUE,6,"visits/hour",1,FALSE,NA,11.549306,4.745108,11.549306,4.745108,0.286736489131346,0.487063404324824,"playback experiment; extracted from fig 3"
160,"Tachycineta bicolor","Tree Swallow",NA,"1",1,"visits/time","rate","Gaussian","FALSE","video",2,TRUE,TRUE,2,"visits/hour",1,FALSE,NA,15.188,6.607738,30.376,13.215476,0.395422752642047,0.826073818012538,"pre experiment"
163,"Tachycineta bicolor","Tree Swallow",2,NA,2,"NA",NA,NA,"FALSE","direct",1,TRUE,NA,NA,"visits/hour",1,FALSE,NA,NA,NA,NA,NA,NA,NA,"rates not reported"
164,"Emberiza citrinella","Yellowhammer",2,"1",3,"visits","number","Gaussian","FALSE","direct",1,TRUE,FALSE,NA,"visits/hour",1,FALSE,NA,6.58,4.15,6.58,4.15,0.495787914230962,0.617941646102482,"extracted form fig 1"
166,"Zonotrichia leucophrys","White-crowned Sparrow",NA,"1",1,"visits/time","rate","Gaussian","FALSE","video",3,FALSE,FALSE,NA,"visits/hour",1,FALSE,NA,4.9,3.3,14.7,9.9,0.620913685916874,0.850015304560759,"pooled sexes"
166,"Zonotrichia leucophrys","White-crowned Sparrow",NA,"20",20,"visits/time","rate","Gaussian","FALSE","video",3,FALSE,FALSE,NA,"visits/hour",1,FALSE,NA,4.1,2.5,12.3,7.5,0.538982082730641,0.781333333333333,"males"
166,"Zonotrichia leucophrys","White-crowned Sparrow",NA,"20",20,"visits/time","rate","Gaussian","FALSE","video",3,FALSE,FALSE,NA,"visits/hour",1,FALSE,NA,5.7,3.8,17.1,11.4,0.621260744197396,0.868421052631579,"females"
172,"Parus major","Great Tit",NA,"1",1,"visits/time","rate","Gaussian","FALSE","video",1.5,TRUE,FALSE,NA,"visits/hour",1,FALSE,NA,15.9,8.1,23.85,12.15,0.46646997838462,0.838439262307575,"control great tits"
172,"Cyanistes caeruleus","Blue Tit",NA,"1",1,"visits/time","rate","Gaussian","FALSE","video",1.5,TRUE,FALSE,NA,"visits/hour",1,FALSE,NA,20.3,12,30.45,18,0.562669980554388,0.906018518518519,"control blue tits"
172,"Parus major / Cyanistes caeruleus","Great Tit / Blue Tit",NA,"1",1,"visits/time","rate","Gaussian","FALSE","video",1.5,TRUE,TRUE,2,"visits/hour",1,FALSE,NA,18.17634,10.5208,27.26451,15.7812,0.546217008322672,0.890524320547328,"control great vs blue tits"
172,"Parus major","Great Tit",4,"1",5,"visits/time","rate","Gaussian","FALSE","video",1.5,TRUE,TRUE,2,"visits/hour",1,FALSE,NA,15.544878,8.128269,23.317317,12.1924035,0.480133202520514,0.8431444379984,"control versus cross foster great tits"
172,"Cyanistes caeruleus","Blue Tit",4,"1",5,"visits/time","rate","Gaussian","FALSE","video",1.5,TRUE,TRUE,2,"visits/hour",1,FALSE,NA,20.06279,11.66689,30.094185,17.500335,0.552209316374126,0.901737035573177,"control versus cross foster blue tits"
174,"Troglodytes aedon","House Wren",NA,"1",1,"visits/time","rate","Gamma","FALSE","video",4,TRUE,TRUE,2,"visits/hour",1,FALSE,NA,18.68028,3.86763,74.72112,15.47052,0.171708769754688,0.687799531989512,"age1"
174,"Troglodytes aedon","House Wren",NA,"1",1,"visits/time","rate","Gamma","FALSE","video",4,TRUE,TRUE,2,"visits/hour",1,FALSE,NA,27.08324,7.26442,108.33296,29.05768,0.250428043851914,0.871696431337054,"age2"
174,"Troglodytes aedon","House Wren",NA,"1",1,"visits/time","rate","Gamma","FALSE","video",4,TRUE,TRUE,2,"visits/hour",1,FALSE,NA,34.31875,10.8407,137.275,43.3628,0.304133594664873,0.926994291935009,"age3"
174,"Troglodytes aedon","House Wren",NA,"1",1,"visits/time/chick","rate","Gamma","FALSE","video",4,TRUE,TRUE,2,"visits/hour/chick",1,TRUE,NA,4.040833,0.812285,NA,NA,NA,NA,"age1"
174,"Troglodytes aedon","House Wren",NA,"1",1,"visits/time/chick","rate","Gamma","FALSE","video",4,TRUE,TRUE,2,"visits/hour/chick",1,TRUE,NA,5.830588,1.38593,NA,NA,NA,NA,"age2"
174,"Troglodytes aedon","House Wren",NA,"1",1,"visits/time/chick","rate","Gamma","FALSE","video",4,TRUE,TRUE,2,"visits/hour/chick",1,TRUE,NA,7.28,2.12618,NA,NA,NA,NA,"age3"
178,"Delichon urbica","House Martin",NA,"1",1,"visits","number","Gaussian","FALSE","direct",1,TRUE,FALSE,NA,"visits/hour",1,FALSE,NA,5.9,2.25,5.9,2.25,0,0,"age1 1st clutch 2012"
178,"Delichon urbica","House Martin",NA,"1",1,"visits","number","Gaussian","FALSE","direct",1,TRUE,FALSE,NA,"visits/hour",1,FALSE,NA,6.63,2.7,6.63,2.7,0.122534515907028,0.0905349794238685,"age1 1st clutch 2013"
178,"Delichon urbica","House Martin",NA,"1",1,"visits","number","Gaussian","FALSE","direct",1,TRUE,FALSE,NA,"visits/hour",1,FALSE,NA,7.63,2.78,7.63,2.78,0.0411124171464169,0.0127322602349773,"age2 1st clutch 2012"
178,"Delichon urbica","House Martin",NA,"1",1,"visits","number","Gaussian","FALSE","direct",1,TRUE,FALSE,NA,"visits/hour",1,FALSE,NA,7.54,3.01,7.54,3.01,0.163517686376932,0.167779605081621,"age2 1st clutch 2013"
178,"Delichon urbica","House Martin",NA,"1",1,"visits","number","Gaussian","FALSE","direct",1,TRUE,FALSE,NA,"visits/hour",1,FALSE,NA,5.44,2.55,5.44,2.55,0.189480957059635,0.163398692810457,"age3 1st clutch 2012"
178,"Delichon urbica","House Martin",NA,"1",1,"visits","number","Gaussian","FALSE","direct",1,TRUE,FALSE,NA,"visits/hour",1,FALSE,NA,6.15,3.62,6.15,3.62,0.428799941596791,0.530691981319252,"age3 1st clutch 2013"
178,"Delichon urbica","House Martin",NA,"1",1,"visits","number","Gaussian","FALSE","direct",1,TRUE,FALSE,NA,"visits/hour",1,FALSE,NA,5.88,3.36,5.88,3.36,0.395553517281813,0.479166666666667,"age1 2nd clutch 2012"
178,"Delichon urbica","House Martin",NA,"1",1,"visits","number","Gaussian","FALSE","direct",1,TRUE,FALSE,NA,"visits/hour",1,FALSE,NA,6.42,1.5,6.42,1.5,0,0,"age1 2nd clutch 2013"
178,"Delichon urbica","House Martin",NA,"1",1,"visits","number","Gaussian","FALSE","direct",1,TRUE,FALSE,NA,"visits/hour",1,FALSE,NA,5.93,2.56,5.93,2.56,0.133167534721077,0.0951538085937501,"age2 2nd clutch 2012"
178,"Delichon urbica","House Martin",NA,"1",1,"visits","number","Gaussian","FALSE","direct",1,TRUE,FALSE,NA,"visits/hour",1,FALSE,NA,5.91,2.64,5.91,2.64,0.174174067444437,0.152031680440771,"age2 2nd clutch 2013"
178,"Delichon urbica","House Martin",NA,"1",1,"visits","number","Gaussian","FALSE","direct",1,TRUE,FALSE,NA,"visits/hour",1,FALSE,NA,3,2.29,3,2.29,0.499344014126979,0.427928529204249,"age3 2nd clutch 2012"
178,"Delichon urbica","House Martin",NA,"1",1,"visits","number","Gaussian","FALSE","direct",1,TRUE,FALSE,NA,"visits/hour",1,FALSE,NA,3.91,2.54,3.91,2.54,0.407733920887563,0.393948787897576,"age3 2nd clutch 2013"
178,"Delichon urbica","House Martin",NA,"1",1,"visits","number","Gaussian","FALSE","direct",1,TRUE,TRUE,2,"visits/hour",1,FALSE,NA,5.893043,2.65062,5.893043,2.65062,0.180603497804596,0.161226562042241,"age1 2012"
178,"Delichon urbica","House Martin",NA,"1",1,"visits","number","Gaussian","FALSE","direct",1,TRUE,TRUE,2,"visits/hour",1,FALSE,NA,6.57,2.40192,6.57,2.40192,0,0,"age1 2013"
178,"Delichon urbica","House Martin",NA,"1",1,"visits","number","Gaussian","FALSE","direct",1,TRUE,TRUE,2,"visits/hour",1,FALSE,NA,7.049512,2.79634,7.049512,2.79634,0.124476632306216,0.0984722402476241,"age2 2012"
178,"Delichon urbica","House Martin",NA,"1",1,"visits","number","Gaussian","FALSE","direct",1,TRUE,TRUE,2,"visits/hour",1,FALSE,NA,7.080256,2.97047,7.080256,2.97047,0.18648935488236,0.197585774386783,"age2 2013"
178,"Delichon urbica","House Martin",NA,"1",1,"visits","number","Gaussian","FALSE","direct",1,TRUE,TRUE,2,"visits/hour",1,FALSE,NA,4.606829,2.70244,4.606829,2.70244,0.356439871466679,0.369202488823501,"age3 2012"
178,"Delichon urbica","House Martin",NA,"1",1,"visits","number","Gaussian","FALSE","direct",1,TRUE,TRUE,2,"visits/hour",1,FALSE,NA,5.484054,3.45973,5.484054,3.45973,0.464382620663219,0.541839854905341,"age3 2013"
178,"Delichon urbica","House Martin",NA,"1",1,"visits","number","Gaussian","FALSE","direct",1,TRUE,TRUE,3,"visits/hour",1,FALSE,NA,6.308214,2.66467,6.308214,2.66467,0.14109944692911,0.111577491616953,"first clutch 2012"
178,"Delichon urbica","House Martin",NA,"1",1,"visits","number","Gaussian","FALSE","direct",1,TRUE,TRUE,3,"visits/hour",1,FALSE,NA,6.784762,3.1255,6.784762,3.1255,0.254603246144442,0.305462640935057,"first clutch 2013"
178,"Delichon urbica","House Martin",NA,"1",1,"visits","number","Gaussian","FALSE","direct",1,TRUE,TRUE,3,"visits/hour",1,FALSE,NA,4.979545,3.06213,4.979545,3.06213,0.421107784435364,0.468941440932137,"second clutch 2012"
178,"Delichon urbica","House Martin",NA,"1",1,"visits","number","Gaussian","FALSE","direct",1,TRUE,TRUE,3,"visits/hour",1,FALSE,NA,5.442941,2.45361,5.442941,2.45361,0.139589417205708,0.0958873189009299,"second clutch 2013"
181,"Emberizoides ypiranganus","Lesser Grass-finch",NA,"2",2,"visits/time","rate","non-parametric","FALSE","direct",NA,NA,TRUE,3,"visits/hour",1,FALSE,NA,2.833333,NA,NA,NA,NA,NA,"combined means, not sure of sample sizes per age, assumed equal, not Sd presented - obseravtion tme not clear"
184,"Sturnus vulgaris","European Starling",2,"4",6,"visits","number","Gaussian","FALSE","direct",0.5,TRUE,FALSE,NA,"visits/30min",0.5,FALSE,NA,6.96,3.132092,6.96,3.132092,0.242556665146332,0.290519899116749,"total"
184,"Sturnus vulgaris","European Starling",2,"5",7,"visits","number","Gaussian","FALSE","direct",0.5,TRUE,FALSE,NA,"visits/30min",0.5,FALSE,NA,4.38,2.296867,4.38,2.296867,0.216064019350572,0.169762368744851,"female"
184,"Sturnus vulgaris","European Starling",2,"4",6,"visits","number","Gaussian","FALSE","direct",0.5,TRUE,FALSE,NA,"visits/30min",0.5,FALSE,NA,2.54,2.40127,2.54,2.40127,0.707139399334926,0.559494103201189,"male"
184,"Sturnus vulgaris","European Starling",NA,"1",1,"visits","number","Gaussian","FALSE","direct",0.5,TRUE,TRUE,2,"visits/30min",0.5,FALSE,NA,6.733378,3.00775,6.733378,3.00775,0.225876948659254,0.25569741940792,"total; peak vs delayed"
184,"Sturnus vulgaris","European Starling",NA,"1",1,"visits","number","Gaussian","FALSE","direct",0.5,TRUE,TRUE,2,"visits/30min",0.5,FALSE,NA,4.293041,2.20592,4.293041,2.20592,0.176330812382059,0.117762488008491,"female; peak vs delayed"
184,"Sturnus vulgaris","European Starling",NA,"1",1,"visits","number","Gaussian","FALSE","direct",0.5,TRUE,TRUE,2,"visits/30min",0.5,FALSE,NA,5.694444,2.73594,5.694444,2.73594,0.235010471307398,0.239256608265725,"total; experimental vs natural"
184,"Sturnus vulgaris","European Starling",NA,"1",1,"visits","number","Gaussian","FALSE","direct",0.5,TRUE,TRUE,2,"visits/30min",0.5,FALSE,NA,3.9,2.23059,3.9,2.23059,0.265917555812233,0.21616418154918,"female; experimental vs natural"
184,"Sturnus vulgaris","European Starling",NA,"1",1,"visits/time/chick","rate","Gaussian","FALSE","direct",0.5,TRUE,NA,NA,"visits/30min",0.5,TRUE,NA,NA,NA,NA,NA,NA,NA,"total per chick; data not extracted"
184,"Sturnus vulgaris","European Starling",NA,"1",1,"visits/time/chick","rate","Gaussian","FALSE","direct",0.5,TRUE,NA,NA,"visits/30min",0.5,TRUE,NA,NA,NA,NA,NA,NA,NA,"female per chick; data not extracted"
184,"Sturnus vulgaris","European Starling",NA,"1",1,"visits/time/chick","rate","Gaussian","FALSE","direct",0.5,TRUE,NA,NA,"visits/30min",0.5,TRUE,NA,NA,NA,NA,NA,NA,NA,"male per chick; data not extracted"
190,"Ciconia boyciana","Oriental Stork",NA,"5",5,"visits/time","rate","Gaussian","FALSE","video",6,TRUE,TRUE,2,"visits/hour",1,FALSE,NA,0.3602807,0.160677,2.1616842,0.964062,0,0,"extracted from fig 4d; n seems small"
191,"Crotophaga major","Greater Ani",NA,"1/1",2,"visits/time/adult","rate","Gaussian/Poisson","FALSE","video",14.5,FALSE,TRUE,2,"visits/hour/adult",1,TRUE,5,1.37,0.3109126,99.325,NA,NA,NA,"hours of recording not continuous, but aggregated; adults not seperated, but 'visits per adult' was calculated (same issue as visits/chick)"
194,"Aegithalos caudatus","Long-tailed Tit",NA,"4",4,"visits/time","rate","Gaussian","TRUE","direct",1,FALSE,FALSE,NA,"visits/hour",1,FALSE,NA,7.586201,4.602151,7.586201,4.602151,0.486007289576765,0.641818940163601,"pooled parents and helpers; data taken from dryad"
194,"Aegithalos caudatus","Long-tailed Tit",NA,"4",4,"visits/time","rate","Gaussian","TRUE","direct",1,FALSE,FALSE,NA,"visits/hour",1,FALSE,NA,8.208812,4.67156,8.208812,4.67156,0.4494931770699,0.62385400057128,"parents; data taken from dryad"
195,"Rissa tridactyla","Black-legged Kittiwake",1,"1",2,"visits/time","rate","Gaussian","FALSE","direct",3,TRUE,TRUE,2,"visits/hour",1,FALSE,NA,0.8,0.388713,2.4,1.166139,0,0,"chick visit rate"
195,"Rissa tridactyla","Black-legged Kittiwake",1,"1",2,"visits/time","rate","Gaussian","FALSE","direct",3,TRUE,TRUE,8,"visits/hour",1,FALSE,NA,1.691561,NA,5.074683,NA,NA,NA,"brood visits rate; se on log scale presented, so not used"
196,"Phylloscopus sibilatrix","Wood Warbler",NA,"1",1,"visits","number","Poisson","FALSE","video",1,TRUE,FALSE,NA,"visits/hour",1,FALSE,NA,14,13.19091,14,13.19091,0.90350820396561,0.919540279191191,NA
200,"Pomatostomus ruficeps","Chestnut-crowned Babbler",1,NA,1,"NA",NA,NA,"FALSE","automated",9.6,FALSE,NA,NA,"visits/hour",9.6,FALSE,NA,NA,NA,NA,NA,NA,NA,"dominant males"
200,"Pomatostomus ruficeps","Chestnut-crowned Babbler",2,"2",4,"visits","number","Poisson","FALSE","automated",9.6,FALSE,FALSE,NA,"visits/hour",9.6,FALSE,NA,0.96,NA,0.96,NA,NA,NA,"helper males; from model estimate"
201,"Setophaga petechia","Yellow Warbler",1,"1",2,"visits/time","rate","Gaussian","FALSE","video",3,FALSE,NA,NA,"visits/hour",1,FALSE,NA,NA,NA,NA,NA,NA,NA,"nestling feeding; not clear if all vaiables in models standardised"
201,"Setophaga petechia","Yellow Warbler",1,"1",2,"visits/time","rate","zero-inflated Poisson","FALSE","video",3,FALSE,FALSE,NA,"visits/hour",1,FALSE,NA,2.611696,NA,7.835088,NA,NA,NA,"male incubation feeding; from table s4 - intercept only model"
201,"Setophaga petechia","Yellow Warbler",NA,"1",1,"visits/time","rate","Gaussian","FALSE","video",1,TRUE,TRUE,2,"visits/hour",1,FALSE,NA,8.892109,4.79942,8.892109,4.79942,0.422917448581829,0.613964482816956,"extracted from fig 3"
213,"Morus capensis","Cape Gannet",1,NA,1,"NA",NA,NA,"FALSE","automated",336,TRUE,NA,NA,"visits/day",24,FALSE,NA,NA,NA,NA,NA,NA,NA,"females"
213,"Morus capensis","Cape Gannet",1,NA,1,"NA",NA,NA,"FALSE","automated",336,TRUE,NA,NA,"visits/day",24,FALSE,NA,NA,NA,NA,NA,NA,NA,"males"
213,"Morus capensis","Cape Gannet",2,NA,2,"NA",NA,NA,"FALSE","automated",336,TRUE,TRUE,11,"visits/day",24,FALSE,NA,0.9946667,0.3316143,13.9253338,4.6426002,0.198340404502766,0.353924841552028,"pooled"
215,"Ardea herodias","Great Blue Heron",1,NA,1,"NA",NA,NA,"FALSE","direct",7.5,FALSE,TRUE,2,"visits/hour",1,FALSE,NA,0.7684,0.545493,5.763,4.0911975,0.574846122980299,0.655691512171046,"age1-2"
215,"Ardea herodias","Great Blue Heron",1,NA,1,"NA",NA,NA,"FALSE","direct",7.5,FALSE,TRUE,2,"visits/hour",1,FALSE,NA,0.3659677,0.414618,2.74475775,3.109635,0.958756075785087,0.71615242487834,"age2-4"
215,"Ardea herodias","Great Blue Heron",1,NA,1,"NA",NA,NA,"FALSE","direct",7.5,FALSE,TRUE,2,"visits/hour",1,FALSE,NA,0.35,0.400749,2.625,3.0056175,0.964399334403876,0.709422564667602,"age4-6"
215,"Ardea herodias","Great Blue Heron",1,NA,1,"NA",NA,NA,"FALSE","direct",7.5,FALSE,TRUE,2,"visits/hour",1,FALSE,NA,0.28035,0.396344,2.102625,2.97258,1.23413325323424,0.762045062400995,"age6-8"
215,"Ardea herodias","Great Blue Heron",1,"3",4,"visits/time","rate","Gaussian","FALSE","direct",7.5,FALSE,TRUE,8,"visits/hour",1,FALSE,NA,0.4023879,0.458509,3.01790925,3.4388175,0.983380390742736,0.744795739848806,"pooled; extracted from fig 3; probably the averages of many averages presented"
215,"Ardea herodias","Great Blue Heron",NA,"2",2,"visits/time","rate","Gaussian","FALSE","direct",7.5,FALSE,TRUE,4,"visits/hour",1,FALSE,NA,0.33825,0.431052,2.536875,3.23289,1.10896601170019,0.757273489211686,"IN"
215,"Ardea herodias","Great Blue Heron",NA,"2",2,"visits/time","rate","Gaussian","FALSE","direct",7.5,FALSE,TRUE,4,"visits/hour",1,FALSE,NA,0.4711071,0.480582,3.53330325,3.604365,0.87040633555264,0.728028507099762,"CO"
223,"Ictinia mississippiensis","Mississippi Kite",NA,"1",1,"visits/time","rate","Gaussian","FALSE","direct",2,TRUE,FALSE,NA,"visits/hour",1,FALSE,NA,1.44,NA,2.88,NA,NA,NA,"years pooled; THINK that they watched nests multiple times, each tme for 2 hours? they then pool all observations of each nest. So I have just included the overal mean, and no Sd"
223,"Ictinia mississippiensis","Mississippi Kite",NA,"1",1,"visits/time","rate","non-parametric","FALSE","direct",2,TRUE,FALSE,NA,"visits/hour",1,FALSE,NA,2.08,NA,4.16,NA,NA,NA,"2010"
223,"Ictinia mississippiensis","Mississippi Kite",NA,"1",1,"visits/time","rate","non-parametric","FALSE","direct",2,TRUE,FALSE,NA,"visits/hour",1,FALSE,NA,0.81,NA,1.62,NA,NA,NA,"2011"
224,"Troglodytes aedon","House Wren",2,NA,2,"NA",NA,NA,"TRUE","video",1,TRUE,FALSE,NA,"visits/hour",1,FALSE,NA,10.43478,5.989559,10.43478,5.989559,0.483365413977599,0.709133568659376,"males; extracted from dryad data"
224,"Troglodytes aedon","House Wren",1,"1",2,"visits","number","Gaussian","TRUE","video",1,TRUE,FALSE,NA,"visits/hour",1,FALSE,NA,7.967391,4.861717,7.967391,4.861717,0.496824655640048,0.662917054138678,"females; extracted from dryad data"
224,"Troglodytes aedon","House Wren",NA,"2",2,"visits","number","Gaussian","TRUE","video",1,TRUE,FALSE,NA,"visits/hour",1,FALSE,NA,10.69231,4.308608,10.69231,4.308608,0.262400880550754,0.424033035210904,"females, yolk subset; extracted from dryad data"
227,"Corvus corone","Carrion Crow",NA,"1",1,"visits/time","rate","Gaussian","FALSE","video",6,FALSE,FALSE,NA,"visits/hour",1,FALSE,NA,2.97359,NA,17.84154,NA,NA,NA,"Sample sizes not clear, so SD no used - cuckoo vs. crow"
227,"Corvus corone","Carrion Crow",NA,"1",1,"visits/time","rate","Gaussian","FALSE","video",6,FALSE,FALSE,NA,"visits/hour",1,FALSE,NA,3.490753,1.02434,20.944518,6.14604,0.195867564282454,0.445528018341601,"Sample sizes not clear - parasitised vs unparasitised"
233,"Parus major","Great Tit",1,"1",2,"visits","number","Quasi-poisson","FALSE","video",1,TRUE,FALSE,NA,"visits/hour",1,FALSE,NA,16.28102,NA,16.28102,NA,NA,NA,"intercepts from model - day4"
233,"Parus major","Great Tit",1,"1",2,"visits","number","Quasi-poisson","FALSE","video",1,TRUE,FALSE,NA,"visits/hour",1,FALSE,NA,39.25191,NA,39.25191,NA,NA,NA,"intercepts from model - day11"
245,"Eremophila alpestris","Horned Lark",1,"1",2,"visits/time","rate","Gaussian","FALSE","video",4,TRUE,FALSE,NA,"visits/hour",1,FALSE,NA,3.48,2.01,13.92,8.04,0.511631455187595,0.784658795574367,"males"
245,"Eremophila alpestris","Horned Lark",1,"1",2,"visits/time","rate","Gaussian","FALSE","video",4,TRUE,FALSE,NA,"visits/hour",1,FALSE,NA,4.99,3.93,19.96,15.72,0.755098945152364,0.919229001158959,"females"
245,"Eremophila alpestris","Horned Lark",NA,"1",1,"visits/time","rate","Gaussian","FALSE","video",4,TRUE,TRUE,2,"visits/hour",1,FALSE,NA,4.235,3.205177,16.94,12.820708,0.7167708620258,0.896940177989347,"pooled sexes; assume that SD is pesented and not SE, as an SD of 33 with mean of 4 would be impossible!!"
246,"Volatinia jacarina","Blue-black Grassquit",3,"3",6,"visits","number","Poisson","FALSE","video",2.2,FALSE,FALSE,NA,"visits/hour",1,FALSE,NA,2.241097,1.021713,4.9304134,2.2477686,0.0708575372007273,0.024156587141779,"males; extracted from fig 3"
246,"Volatinia jacarina","Blue-black Grassquit",NA,"3",3,"visits","number","Poisson","FALSE","video",2.2,FALSE,FALSE,NA,"visits/hour",1,FALSE,NA,1.864095,0.9163268,4.101009,2.01591896,0,0,"females; extracted from fig 3"
253,"Parus major","Great Tit",NA,"1",1,"visits","number","Gaussian","FALSE","video",1,TRUE,TRUE,2,"visits/hour",1,FALSE,NA,18.06513,10.67049,18.06513,10.67049,0.541786996299052,0.841338204418544,"extracted from fig 1"
254,"Sula leucogaster","Brown Booby",2,"1",3,"visits","number","Quasi-poisson","FALSE","direct",2,TRUE,FALSE,NA,"visits/2hour",2,FALSE,NA,5.12,2.123299,5.12,2.123299,0,0,"female"
254,"Sula leucogaster","Brown Booby",2,"1",3,"visits","number","Poisson","FALSE","direct",2,TRUE,FALSE,NA,"visits/2hour",2,FALSE,NA,5.62,2.435549,5.62,2.435549,0.0993735095220695,0.0525799469963888,"male"
254,"Sula leucogaster","Brown Booby",1,"2",3,"visits","number","Gaussian","FALSE","direct",2,TRUE,FALSE,NA,"visits/2hour",2,FALSE,NA,5.37,2.28378,5.37,2.28378,0,0,"pooled"
262,"Balaeniceps rex","Shoebill",NA,"1",1,"visits/time","rate","Poisson","FALSE","video",24,TRUE,FALSE,NA,"visits/day",24,FALSE,NA,1.12,1.08,1.12,1.08,0.192327314540518,0.0397805212620027,NA
262,"Balaeniceps rex","Shoebill",NA,"1",1,"visits/time","rate","Poisson","FALSE","video",1,TRUE,FALSE,NA,"visits/hour",1,FALSE,NA,0.11,0.35,0.11,0.35,1.01639453522718,0.10204081632653,NA
274,"Picumnus temminckii","Ochre-collared Piculet",NA,"1",1,"visits/time","rate","Gaussian","FALSE","direct",2.5,FALSE,FALSE,NA,"visits/hour",1,FALSE,NA,2.037002,1.522504,5.092505,3.80626,0.601893252759374,0.648492527302996,"female; extracted from fig 2"
274,"Picumnus temminckii","Ochre-collared Piculet",NA,"1",1,"visits/time","rate","Gaussian","FALSE","direct",2.5,FALSE,FALSE,NA,"visits/hour",1,FALSE,NA,1.374663,0.6858968,3.4366575,1.714742,0,0,"male; extracted from fig 2"
278,"Sturnus unicolor","Spotless Starling",1,NA,1,"NA",NA,NA,"FALSE","automated",2,TRUE,NA,NA,"visits/2hour",2,FALSE,NA,NA,NA,NA,NA,NA,NA,"pooled BR"
278,"Sturnus unicolor","Spotless Starling",1,NA,1,"NA",NA,NA,"FALSE","automated",2,TRUE,NA,NA,"visits/2hour",2,FALSE,NA,NA,NA,NA,NA,NA,NA,"female BR"
278,"Sturnus unicolor","Spotless Starling",1,NA,1,"NA",NA,NA,"FALSE","automated",2,TRUE,NA,NA,"visits/2hour",2,FALSE,NA,NA,NA,NA,NA,NA,NA,"male BR"
278,"Sturnus unicolor","Spotless Starling",NA,"1",1,"visits","number","Gaussian","FALSE","automated",0.66667,TRUE,TRUE,8,"visits/40mins",0.66667,FALSE,NA,5.835369,4.81238,5.835369,4.81238,0.71326539507245,0.748030196407039,"pooled; extracted from fig 1 and 2"
278,"Sturnus unicolor","Spotless Starling",NA,"1",1,"visits","number","Gaussian","FALSE","automated",0.66667,TRUE,TRUE,4,"visits/40mins",0.66667,FALSE,NA,7.92614,4.36017,7.92614,4.36017,0.420053861914658,0.58307792154165,"female; extracted from fig 1"
278,"Sturnus unicolor","Spotless Starling",NA,"1",1,"visits","number","Gaussian","FALSE","automated",0.66667,TRUE,TRUE,4,"visits/40mins",0.66667,FALSE,NA,3.744597,4.34737,3.744597,4.34737,1.03961682551648,0.801869253049522,"male; extracted from fig 2"
279,"Sterna hirundo / Sterna dougallii","Common Tern / Roseate Tern",NA,"4",4,"visits","number","Gaussian","FALSE","direct",1,TRUE,NA,NA,"visits/hour",1,FALSE,NA,NA,NA,NA,NA,NA,NA,"no nest provisioning rates"
279,"Sterna hirundo / Sterna dougallii","Common Tern / Roseate Tern",NA,"4",4,"visits/time/chick","rate","Gaussian","FALSE","direct",1,TRUE,TRUE,2,"visits/hour/chick",1,TRUE,2.592105,0.5476375,0.380685,1.4195339019375,NA,NA,NA,"extract from fig A4"
281,"Oenanthe oenanthe","Northern Wheatear",NA,"1",1,"visits","number","Poisson","FALSE","automated",NA,NA,NA,NA,"visits/hour",1,FALSE,NA,NA,NA,NA,NA,NA,NA,"no summary stats"
282,"Setophaga petechia","Yellow Warbler",NA,"2",2,"visits/time","rate","Gaussian","FALSE","video",1.5,FALSE,TRUE,3,"visits/hour",1,FALSE,NA,4.731161,NA,7.0967415,NA,NA,NA,"femalePR; extracted from fig 1; not sure how errors calculated so not used"
282,"Setophaga petechia","Yellow Warbler",NA,"2",2,"visits/time","rate","Gaussian","FALSE","video",1.5,FALSE,TRUE,3,"visits/hour",1,FALSE,NA,5.429291,NA,8.1439365,NA,NA,NA,"male PR; extracted from fig 1; not sure how errors calculated so not used"
282,"Setophaga petechia","Yellow Warbler",NA,"1",1,"visits/time","rate","Gaussian","FALSE","video",1.5,FALSE,TRUE,6,"visits/hour",1,FALSE,NA,5.080226,NA,7.620339,NA,NA,NA,"both sexes PR; extracted from fig 1; not sure how errors calculated so not used"
283,"Acanthiza pusilla","Brown Thornbill",NA,"1",1,"visits","number","Gaussian","FALSE","video",0.75,TRUE,TRUE,12,"visits/45min",0.75,FALSE,NA,4.266038,3.724034,4.266038,3.724034,0.726381841073744,0.692392128316814,"extracted from fig 2"
288,"Petronia petronia","Rock Sparrow",NA,"1",1,"visits/time/chick","rate","Gaussian","FALSE","mixed direct + video",3.17,FALSE,TRUE,2,"visits/hour/chick",1,TRUE,5.025,1.553333,0.529629,24.74342969025,NA,NA,NA,"biparental total PR"
288,"Petronia petronia","Rock Sparrow",2,"1",3,"visits/time/chick","rate","Gaussian","FALSE","mixed direct + video",3.17,FALSE,TRUE,2,"visits/hour/chick",1,TRUE,5.025,1.035641,0.480558,16.49698439925,NA,NA,NA,"biparental female PR"
288,"Petronia petronia","Rock Sparrow",2,"1",3,"visits/time/chick","rate","Gaussian","FALSE","mixed direct + video",3.17,FALSE,TRUE,2,"visits/hour/chick",1,TRUE,5.025,0.5407692,0.399044,8.6140477791,NA,NA,NA,"biparental male PR"
288,"Petronia petronia","Rock Sparrow",NA,"1",1,"visits/time/chick","rate","Gaussian","FALSE","mixed direct + video",3.17,FALSE,TRUE,2,"visits/hour/chick",1,TRUE,4.29,1.013529,0.497686,13.7832849297,NA,NA,NA,"all females PR"
288,"Petronia petronia","Rock Sparrow",NA,"1",1,"visits/time/chick","rate","Gaussian","FALSE","mixed direct + video",3.17,FALSE,TRUE,2,"visits/hour/chick",1,TRUE,5.025,0.785,0.503261,12.50446125,NA,NA,NA,"both sex biparental PR"
